Chromosome,Position,rsIDs,Reference,Alternate,Source,Filters - exomes,Filters - genomes,HGVS Consequence,Protein Consequence,Transcript Consequence,c.position,VEP Annotation,ClinVar Clinical Significance,Flags,Allele Count,Allele Number,Allele Frequency
9,130374707,rs1262952349,G,A,gnomAD Exomes,PASS,NA,p.Val9Ile,p.Val9Ile,c.25G>A,25,missense_variant,Benign,,1,229032,4.36620210276293E-06
9,130374718,rs796053378,G,C,gnomAD Exomes,PASS,NA,p.Glu12Asp,p.Glu12Asp,c.36G>C,36,missense_variant,Conflicting interpretations of pathogenicity,,2,226118,8.84493936794063E-06
9,130413887,rs765782410,A,G,gnomAD Exomes,PASS,NA,p.Met15Val,p.Met15Val,c.43A>G,43,missense_variant,,,1,251310,3.97914925788866E-06
9,130413891,rs571127140,A,G,gnomAD Exomes,PASS,NA,p.His16Arg,p.His16Arg,c.47A>G,47,missense_variant,,,1,251356,3.97842104425595E-06
9,130413917,rs756787732,A,C,gnomAD Exomes,PASS,NA,p.Lys25Gln,p.Lys25Gln,c.73A>C,73,missense_variant,Uncertain significance,,3,251426,1.19319402130249E-05
9,130413919,rs1410513659,G,T,gnomAD Exomes,PASS,NA,p.Lys25Asn,p.Lys25Asn,c.75G>T,75,missense_variant,,,1,251428,3.97728176654947E-06
9,130416019,rs538684549,T,C,gnomAD Exomes,PASS,NA,p.Met38Thr,p.Met38Thr,c.113T>C,113,missense_variant,Uncertain significance,,1,251274,3.97971935019142E-06
9,130416051,rs1244732832,G,C,gnomAD Exomes,PASS,NA,p.Asp49His,p.Asp49His,c.145G>C,145,missense_variant,Uncertain significance,,1,251240,3.98025792071326E-06
9,130416054,rs763601887,A,G,gnomAD Exomes,PASS,NA,p.Ile50Val,p.Ile50Val,c.148A>G,148,missense_variant,,,1,251228,3.98044803923129E-06
9,130416063,rs749965674,G,C,gnomAD Exomes,PASS,NA,p.Glu53Gln,p.Glu53Gln,c.157G>C,157,missense_variant,,,2,251164,7.96292462295552E-06
9,130420669,rs1311665443,A,G,gnomAD Genomes,NA,PASS,p.Asn62Ser,p.Asn62Ser,c.185A>G,185,missense_variant,,,1,31402,3.18451054072989E-05
9,130420674,rs760033783,C,T,gnomAD Exomes,PASS,NA,p.Arg64Cys,p.Arg64Cys,c.190C>T,190,missense_variant,,,1,251388,3.97791461804063E-06
9,130420675,rs1473863285,G,A,gnomAD Exomes,PASS,NA,p.Arg64His,p.Arg64His,c.191G>A,191,missense_variant,,,1,251350,3.97851601352695E-06
9,130420684,rs1182540431,C,T,gnomAD Exomes,PASS,NA,p.Pro67Leu,p.Pro67Leu,c.200C>T,200,missense_variant,,,1,251406,3.97762980994884E-06
9,130420693,rs753470248,G,C,gnomAD Exomes,PASS,NA,p.Ser70Thr,p.Ser70Thr,c.209G>C,209,missense_variant,,,1,251402,3.97769309711139E-06
9,130420698,rs754668616,G,A,gnomAD Exomes,PASS,NA,p.Glu72Lys,p.Glu72Lys,c.214G>A,214,missense_variant,Likely benign,,1,251422,3.97737668143599E-06
9,130420717,rs752547899,C,G,gnomAD Exomes,PASS,NA,p.Thr78Ser,p.Thr78Ser,c.233C>G,233,missense_variant,,,3,251376,1.19343135382852E-05
9,130420719,rs1462181047,C,G,gnomAD Genomes,NA,PASS,p.Pro79Ala,p.Pro79Ala,c.235C>G,235,missense_variant,,,1,31400,3.18471337579617E-05
9,130422312,rs34830702,G,A,"gnomAD Exomes,gnomAD Genomes",PASS,PASS,p.Val84Ile,p.Val84Ile,c.250G>A,250,missense_variant,Conflicting interpretations of pathogenicity,,163,282852,0.000576273103955
9,130422316,rs749549930,A,G,gnomAD Exomes,PASS,NA,p.His85Arg,p.His85Arg,c.254A>G,254,missense_variant,,,1,251480,3.97645936058533E-06
9,130422316,rs749549930,A,T,gnomAD Exomes,PASS,NA,p.His85Leu,p.His85Leu,c.254A>T,254,missense_variant,,,1,251480,3.97645936058533E-06
9,130422333,rs1490338912,T,C,gnomAD Exomes,PASS,NA,p.Phe91Leu,p.Phe91Leu,c.271T>C,271,missense_variant,,,1,251486,3.97636448947456E-06
9,130422343,rs200802985,C,T,gnomAD Exomes,PASS,NA,p.Pro94Leu,p.Pro94Leu,c.281C>T,281,missense_variant,Benign/Likely benign,,135,251484,0.000536813475211
9,130422346,rs1478555413,C,T,gnomAD Exomes,PASS,NA,p.Pro95Leu,p.Pro95Leu,c.284C>T,284,missense_variant,,,1,251480,3.97645936058533E-06
9,130422360,rs764758291,C,T,"gnomAD Exomes,gnomAD Genomes",PASS,PASS,p.Arg100Trp,p.Arg100Trp,c.298C>T,298,missense_variant,,,2,282874,7.07028571024555E-06
9,130422361,rs374269726,G,A,gnomAD Exomes,PASS,NA,p.Arg100Gln,p.Arg100Gln,c.299G>A,299,missense_variant,,,13,251476,5.16947939365983E-05
9,130422372,rs751437146,G,A,"gnomAD Exomes,gnomAD Genomes",PASS,PASS,p.Val104Ile,p.Val104Ile,c.310G>A,310,missense_variant,Uncertain significance,,6,282868,2.12113070407398E-05
9,130423386,rs769271567,C,T,gnomAD Exomes,PASS,NA,p.Pro111Ser,p.Pro111Ser,c.331C>T,331,missense_variant,,,1,251456,3.97683889030287E-06
9,130423392,rs145206171,G,A,"gnomAD Exomes,gnomAD Genomes",PASS,PASS,p.Ala113Thr,p.Ala113Thr,c.337G>A,337,missense_variant,,,2,282850,7.07088562842496E-06
9,130423420,rs773885228,G,A,gnomAD Exomes,PASS,NA,p.Arg122Gln,p.Arg122Gln,c.365G>A,365,missense_variant,,,2,251474,7.95310847244645E-06
9,130423441,rs1266675645,C,T,gnomAD Exomes,PASS,NA,p.Thr129Ile,p.Thr129Ile,c.386C>T,386,missense_variant,,,1,251484,3.97639611267516E-06
9,130425500,rs903312718,C,T,gnomAD Exomes,PASS,NA,p.Ser149Phe,p.Ser149Phe,c.446C>T,446,missense_variant,,,1,251452,3.97690215229944E-06
9,130425512,rs1175474826,T,C,gnomAD Exomes,PASS,NA,p.Phe153Ser,p.Phe153Ser,c.458T>C,458,missense_variant,,,2,251446,7.95399409813637E-06
9,130425516,rs768052332,A,C,gnomAD Exomes,PASS,NA,p.Gln154His,p.Gln154His,c.462A>C,462,missense_variant,,,1,251454,3.97687052104957E-06
9,130425536,rs1403083721,A,G,gnomAD Exomes,PASS,NA,p.Lys161Arg,p.Lys161Arg,c.482A>G,482,missense_variant,,,1,251458,3.97680726005933E-06
9,130425538,rs1390893698,G,A,gnomAD Exomes,PASS,NA,p.Ala162Thr,p.Ala162Thr,c.484G>A,484,missense_variant,,,1,251448,3.97696541630873E-06
9,130425556,rs1306195036,A,G,gnomAD Exomes,PASS,NA,p.Ile168Val,p.Ile168Val,c.502A>G,502,missense_variant,,,2,251468,7.95329823277713E-06
9,130425558,rs761390809,A,G,gnomAD Exomes,PASS,NA,p.Ile168Met,p.Ile168Met,c.504A>G,504,missense_variant,,,1,251470,3.97661748916371E-06
9,130425559,rs1410933215,C,A,gnomAD Exomes,PASS,NA,p.Leu169Met,p.Leu169Met,c.505C>A,505,missense_variant,,,3,251466,1.19300422323495E-05
9,130425565,rs201772971,C,T,gnomAD Exomes,PASS,NA,p.Arg171Cys,p.Arg171Cys,c.511C>T,511,missense_variant,Uncertain significance,,1,251452,3.97690215229944E-06
9,130425566,rs773211322,G,A,gnomAD Exomes,PASS,NA,p.Arg171His,p.Arg171His,c.512G>A,512,missense_variant,,,7,251460,2.78374294122325E-05
9,130425583,rs1411421913,G,A,gnomAD Genomes,NA,PASS,p.Ala177Thr,p.Ala177Thr,c.529G>A,529,missense_variant,,,1,31404,3.18430773149917E-05
9,130425595,rs142317249,G,A,gnomAD Exomes,PASS,NA,p.Ala181Thr,p.Ala181Thr,c.541G>A,541,missense_variant,,,1,251428,3.97728176654947E-06
9,130425596,rs1202427628,C,A,gnomAD Exomes,PASS,NA,p.Ala181Asp,p.Ala181Asp,c.542C>A,542,missense_variant,,,1,251428,3.97728176654947E-06
9,130425626,rs765256766,A,G,gnomAD Exomes,PASS,NA,p.Tyr191Cys,p.Tyr191Cys,c.572A>G,572,missense_variant,,,1,251386,3.97794626590184E-06
9,130425629,rs1434679305,G,A,gnomAD Exomes,PASS,NA,p.Arg192Gln,p.Arg192Gln,c.575G>A,575,missense_variant,Uncertain significance,,1,251326,3.97889593595569E-06
9,130427566,rs770664446,G,A,gnomAD Exomes,PASS,NA,p.Asp207Asn,p.Asp207Asn,c.619G>A,619,missense_variant,Uncertain significance,,10,251484,3.97639611267516E-05
9,130427575,rs1348662627,G,A,gnomAD Exomes,PASS,NA,p.Asp210Asn,p.Asp210Asn,c.628G>C,628,missense_variant,Uncertain significance,,3,251478,1.19294729558848E-05
9,130427575,rs1348662627,G,C,gnomAD Exomes,PASS,NA,p.Asp210His,p.Asp210His,c.628G>A,628,missense_variant,,,1,251478,3.97649098529493E-06
9,130427606,rs1215315994,G,A,gnomAD Genomes,NA,PASS,p.Gly220Glu,p.Gly220Glu,c.659G>A,659,missense_variant,,,1,31394,3.18532203605784E-05
9,130428445,rs572787306,G,A,gnomAD Exomes,PASS,NA,p.Gly222Ser,p.Gly222Ser,c.664G>A,664,missense_variant,,,1,251434,3.97718685619287E-06
9,130428448,rs775420363,C,T,gnomAD Exomes,PASS,NA,p.Pro223Ser,p.Pro223Ser,c.667C>T,667,missense_variant,,,2,251432,7.9544369849502E-06
9,130428500,rs921369523,G,C,gnomAD Genomes,NA,PASS,p.Ser240Thr,p.Ser240Thr,c.719G>C,719,missense_variant,,,1,31382,3.18654005480848E-05
9,130428572,rs1316686443,A,G,gnomAD Genomes,NA,PASS,p.Tyr264Cys,p.Tyr264Cys,c.791A>G,791,missense_variant,Conflicting interpretations of pathogenicity,,1,31402,3.18451054072989E-05
9,130430375,rs1275438821,A,G,gnomAD Exomes,PASS,NA,p.Ile271Val,p.Ile271Val,c.811A>G,811,missense_variant,,,1,251278,3.97965599853548E-06
9,130430387,rs780641675,C,T,gnomAD Exomes,PASS,NA,p.Arg275Trp,p.Arg275Trp,c.823C>T,823,missense_variant,,,1,251258,3.9799727769862E-06
9,130430387,rs780641675,C,G,gnomAD Exomes,PASS,NA,p.Arg275Gly,p.Arg275Gly,c.823C>G,823,missense_variant,,,1,251258,3.9799727769862E-06
9,130430388,rs747288455,G,A,gnomAD Genomes,NA,PASS,p.Arg275Gln,p.Arg275Gln,c.824G>A,824,missense_variant,Benign,,1,31388,3.18593092901745E-05
9,130430390,rs1248712114,G,T,gnomAD Exomes,PASS,NA,p.Val276Leu,p.Val276Leu,c.826G>T,826,missense_variant,,,1,251270,3.97978270386436E-06
9,130430394,rs1478208887,A,G,gnomAD Exomes,PASS,NA,p.Lys277Arg,p.Lys277Arg,c.830A>G,830,missense_variant,,,1,251302,3.9792759309516E-06
9,130430420,rs768644260,G,A,gnomAD Exomes,PASS,NA,p.Asp286Asn,p.Asp286Asn,c.856G>A,856,missense_variant,,,1,251206,3.980796637023E-06
9,130430429,rs1334061327,A,G,gnomAD Genomes,NA,PASS,p.Ile289Val,p.Ile289Val,c.865A>G,865,missense_variant,Uncertain significance,,3,31390,9.55718381650207E-05
9,130432187,rs775811887,C,T,gnomAD Exomes,PASS,NA,p.Arg305Trp,p.Arg305Trp,c.913C>T,913,missense_variant,Uncertain significance,,5,251466,1.98834037205825E-05
9,130432188,rs763559860,G,A,gnomAD Exomes,PASS,NA,p.Arg305Gln,p.Arg305Gln,c.914G>A,914,missense_variant,Uncertain significance,,2,251450,7.95386756810499E-06
9,130432193,rs1470536396,C,G,gnomAD Genomes,NA,PASS,p.Leu307Val,p.Leu307Val,c.919C>G,919,missense_variant,,,1,31390,3.18572793883402E-05
9,130432216,rs1257587761,G,C,gnomAD Exomes,PASS,NA,p.Lys314Asn,p.Lys314Asn,c.942G>C,942,missense_variant,,,1,251454,3.97687052104957E-06
9,130432226,rs1472006848,A,G,gnomAD Exomes,PASS,NA,p.Thr318Ala,p.Thr318Ala,c.952A>G,952,missense_variant,,,1,251452,3.97690215229944E-06
9,130434340,rs1174793467,G,A,gnomAD Exomes,PASS,NA,p.Arg325Gln,p.Arg325Gln,c.974G>A,974,missense_variant,Likely benign,,1,251478,3.97649098529493E-06
9,130434348,rs781523904,T,A,gnomAD Exomes,PASS,NA,p.Ser328Thr,p.Ser328Thr,c.982T>A,982,missense_variant,,,1,251480,3.97645936058533E-06
9,130434379,rs1306266667,A,G,gnomAD Exomes,PASS,NA,p.Gln338Arg,p.Gln338Arg,c.1013A>G,1013,missense_variant,,,1,251472,3.97658586244194E-06
9,130434391,rs746114813,G,A,gnomAD Exomes,PASS,NA,p.Ser342Asn,p.Ser342Asn,c.1025G>A,1025,missense_variant,,,1,251444,3.97702868233085E-06
9,130435499,rs751577629,C,A,gnomAD Exomes,PASS,NA,p.His357Asn,p.His357Asn,c.1069C>A,1069,missense_variant,,,1,251488,3.97633286677694E-06
9,130435500,rs757363204,A,C,gnomAD Exomes,PASS,NA,p.His357Pro,p.His357Pro,c.1070A>C,1070,missense_variant,,,1,251490,3.97630124458229E-06
9,130435514,rs1046891783,G,A,gnomAD Exomes,PASS,NA,p.Val362Ile,p.Val362Ile,c.1084G>A,1084,missense_variant,,,2,251490,7.95260248916458E-06
9,130435517,rs1299792368,G,A,gnomAD Exomes,PASS,NA,p.Asp363Asn,p.Asp363Asn,c.1087G>A,1087,missense_variant,,,1,251488,3.97633286677694E-06
9,130435521,rs750638604,A,G,gnomAD Exomes,PASS,NA,p.Lys364Arg,p.Lys364Arg,c.1091A>G,1091,missense_variant,,,1,251488,3.97633286677694E-06
9,130435523,rs796053358,C,G,gnomAD Exomes,PASS,NA,p.Leu365Val,p.Leu365Val,c.1093C>G,1093,missense_variant,,,1,251488,3.97633286677694E-06
9,130438095,rs1244277104,G,T,gnomAD Exomes,PASS,NA,p.Gly375Cys,p.Gly375Cys,c.1123G>T,1123,missense_variant,,,1,251202,3.9808600249998E-06
9,130438113,rs762767233,G,C,gnomAD Exomes,PASS,NA,p.Glu381Gln,p.Glu381Gln,c.1141G>C,1141,missense_variant,Uncertain significance,,3,251268,1.19394431443717E-05
9,130438135,rs763817076,G,A,gnomAD Exomes,PASS,NA,p.Arg388Gln,p.Arg388Gln,c.1163G>A,1163,missense_variant,,,1,251266,3.97984605955441E-06
9,130438137,rs1476253983,G,T,gnomAD Exomes,PASS,NA,p.Ala389Ser,p.Ala389Ser,c.1165G>T,1165,missense_variant,,,1,251268,3.97981438145724E-06
9,130438143,rs751520067,G,A,gnomAD Exomes,PASS,NA,p.Val391Ile,p.Val391Ile,c.1171G>A,1171,missense_variant,,,1,251254,3.98003613872814E-06
9,130438165,rs750585484,A,G,gnomAD Exomes,PASS,NA,p.Asn398Ser,p.Asn398Ser,c.1193A>G,1193,missense_variant,Uncertain significance,,1,251292,3.97943428362224E-06
9,130438174,rs756159322,C,T,gnomAD Exomes,PASS,NA,p.Thr401Ile,p.Thr401Ile,c.1202C>T,1202,missense_variant,,,1,251274,3.97971935019142E-06
9,130438206,rs1226870657,A,G,gnomAD Exomes,PASS,NA,p.Ile412Val,p.Ile412Val,c.1234A>G,1234,missense_variant,,,1,251112,3.98228678836535E-06
9,130438213,rs1286774865,T,C,gnomAD Exomes,PASS,NA,p.Leu414Ser,p.Leu414Ser,c.1241T>C,1241,missense_variant,,,1,250922,3.98530220546624E-06
9,130438925,rs1167947076,A,G,gnomAD Exomes,PASS,NA,p.Ile418Val,p.Ile418Val,c.1252A>G,1252,missense_variant,,,1,250644,3.98972247490464E-06
9,130438929,rs748965227,C,T,gnomAD Exomes,PASS,NA,p.Thr419Met,p.Thr419Met,c.1256C>T,1256,missense_variant,Conflicting interpretations of pathogenicity,,5,250740,1.9940974714844E-05
9,130438933,,G,C,gnomAD Exomes,PASS,NA,p.Glu420Asp,p.Glu420Asp,c.1260G>C,1260,missense_variant,,,1,250914,3.98542927058673E-06
9,130438954,rs1329067269,C,G,gnomAD Exomes,PASS,NA,p.Ile427Met,p.Ile427Met,c.1281C>G,1281,missense_variant,,,1,251132,3.98196964146345E-06
9,130438961,rs148131665,G,A,gnomAD Exomes,PASS,NA,p.Ala430Thr,p.Ala430Thr,c.1288G>A,1288,missense_variant,Uncertain significance,,4,251110,1.59292740233363E-05
9,130438967,rs772016880,A,G,gnomAD Exomes,PASS,NA,p.Ile432Val,p.Ile432Val,c.1294A>G,1294,missense_variant,,,1,251114,3.98225507140183E-06
9,130438974,rs773261815,C,T,gnomAD Exomes,PASS,NA,p.Pro434Leu,p.Pro434Leu,c.1301C>T,1301,missense_variant,Uncertain significance,,4,251044,1.5933461863259E-05
9,130438980,rs766477320,A,G,gnomAD Exomes,PASS,NA,p.Asp436Gly,p.Asp436Gly,c.1307A>G,1307,missense_variant,,,1,251070,3.98295296132552E-06
9,130438984,rs1339795314,T,G,gnomAD Genomes,NA,PASS,p.Ser437Arg,p.Ser437Arg,c.1311T>G,1311,missense_variant,,,1,31380,3.18674314850223E-05
9,130439004,rs1216426174,C,T,gnomAD Exomes,PASS,NA,p.Ala444Val,p.Ala444Val,c.1331C>T,1331,missense_variant,Likely benign,,2,250536,7.98288469521346E-06
9,130439004,rs1216426174,C,G,gnomAD Genomes,NA,PASS,p.Ala444Gly,p.Ala444Gly,c.1331C>G,1331,missense_variant,,,1,31400,3.18471337579617E-05
9,130439006,rs375000206,C,T,gnomAD Exomes,PASS,NA,p.His445Tyr,p.His445Tyr,c.1333C>T,1333,missense_variant,,,1,250478,3.99236659507022E-06
9,130439015,rs1388279646,G,A,gnomAD Exomes,PASS,NA,p.Val448Met,p.Val448Met,c.1342G>A,1342,missense_variant,,,1,249982,4.00028802073749E-06
9,130439021,rs549299046,A,G,gnomAD Exomes,PASS,NA,p.Ile450Val,p.Ile450Val,c.1348A>G,1348,missense_variant,,,6,249660,2.40326844508531E-05
9,130439024,rs150259704,G,A,"gnomAD Exomes,gnomAD Genomes",PASS,PASS,p.Val451Ile,p.Val451Ile,c.1351G>A,1351,missense_variant,Benign/Likely benign,,47,280728,0.000167421846057
9,130439030,rs1263045231,G,A,gnomAD Genomes,NA,PASS,p.Asp453Asn,p.Asp453Asn,c.1357G>A,1357,missense_variant,,,1,31404,3.18430773149917E-05
9,130440714,rs762251880,C,T,"gnomAD Exomes,gnomAD Genomes",PASS,PASS,p.Thr455Met,p.Thr455Met,c.1364C>T,1364,missense_variant,Uncertain significance,,4,202030,1.97990397465722E-05
9,130440717,rs1472056941,T,C,gnomAD Exomes,PASS,NA,p.Leu456Pro,p.Leu456Pro,c.1367T>C,1367,missense_variant,,,1,174750,5.72246065808297E-06
9,130440719,rs1179640170,C,T,gnomAD Exomes,PASS,NA,p.Arg457Cys,p.Arg457Cys,c.1369C>T,1369,missense_variant,,,2,175904,1.13698380935055E-05
9,130440723,rs796053371,G,A,gnomAD Exomes,PASS,NA,p.Arg458His,p.Arg458His,c.1373G>A,1373,missense_variant,Uncertain significance,,2,178012,1.12351976271262E-05
9,130440725,rs750968891,C,T,"gnomAD Exomes,gnomAD Genomes",PASS,PASS,p.Arg459Trp,p.Arg459Trp,c.1375C>T,1375,missense_variant,Likely benign,,2,211270,9.4665593789937E-06
9,130440729,rs778608986,G,C,gnomAD Exomes,PASS,NA,p.Ser460Thr,p.Ser460Thr,c.1379G>C,1379,missense_variant,,,1,182702,5.47339383257982E-06
9,130440735,rs752394761,C,T,"gnomAD Exomes,gnomAD Genomes",PASS,PASS,p.Pro462Leu,p.Pro462Leu,c.1385C>T,1385,missense_variant,Likely benign,,12,217964,5.50549632049329E-05
9,130440764,rs1482469957,A,G,gnomAD Exomes,PASS,NA,p.Thr472Ala,p.Thr472Ala,c.1414A>G,1414,missense_variant,,,1,194952,5.12946776642455E-06
9,130440779,rs750356162,C,T,gnomAD Exomes,PASS,NA,p.Arg477Trp,p.Arg477Trp,c.1429C>T,1429,missense_variant,,,1,192702,5.18935973679567E-06
9,130440794,rs1031771686,A,C,gnomAD Genomes,NA,PASS,p.Ile482Leu,p.Ile482Leu,c.1444A>C,1444,missense_variant,,,1,31388,3.18593092901745E-05
9,130442443,rs955074823,T,C,gnomAD Exomes,PASS,NA,p.Ile490Thr,p.Ile490Thr,c.1469T>C,1469,missense_variant,,,1,251440,3.97709195036589E-06
9,130442460,rs1442871033,A,G,gnomAD Exomes,PASS,NA,p.Thr496Ala,p.Thr496Ala,c.1486A>G,1486,missense_variant,,,1,251458,3.97680726005933E-06
9,130442487,rs757991350,C,T,gnomAD Exomes,PASS,NA,p.Arg505Cys,p.Arg505Cys,c.1513C>T,1513,missense_variant,,,3,251412,1.19326046489427E-05
9,130442488,rs796053372,G,A,"gnomAD Exomes,gnomAD Genomes",PASS,PASS,p.Arg505His,p.Arg505His,c.1514G>A,1514,missense_variant,Uncertain significance,,2,282790,7.07238586937303E-06
9,130442514,rs1333091651,G,A,gnomAD Exomes,PASS,NA,p.Ala514Thr,p.Ala514Thr,c.1540G>A,1540,missense_variant,Uncertain significance,,1,251162,3.98149401581449E-06
9,130442517,rs781079163,G,A,gnomAD Exomes,PASS,NA,p.Val515Ile,p.Val515Ile,c.1543G>A,1543,missense_variant,Benign,,6,251092,2.38956239147404E-05
9,130444687,rs777312349,C,T,gnomAD Exomes,PASS,NA,p.Ala517Val,p.Ala517Val,c.1550C>T,1550,missense_variant,,,2,251144,7.96355875513649E-06
9,130444689,rs376438436,C,T,gnomAD Exomes,PASS,NA,p.Arg518Cys,p.Arg518Cys,c.1552C>T,1552,missense_variant,,,1,251168,3.98139890431902E-06
9,130444693,rs762324553,A,G,gnomAD Exomes,PASS,NA,p.Tyr519Cys,p.Tyr519Cys,c.1556A>G,1556,missense_variant,,,1,251250,3.98009950248756E-06
9,130444696,rs1161142552,G,T,gnomAD Exomes,PASS,NA,p.Gly520Val,p.Gly520Val,c.1559G>T,1559,missense_variant,,,1,251262,3.97990941726166E-06
9,130444711,rs1345733413,A,T,gnomAD Exomes,PASS,NA,p.Asn525Ile,p.Asn525Ile,c.1574A>T,1574,missense_variant,,,1,251306,3.97921259341201E-06
9,130444716,rs1310538904,G,A,gnomAD Exomes,PASS,NA,p.Ala527Thr,p.Ala527Thr,c.1579G>A,1579,missense_variant,,,1,251254,3.98003613872814E-06
9,130444722,rs763711145,G,A,gnomAD Exomes,PASS,NA,p.Gly529Ser,p.Gly529Ser,c.1585G>A,1585,missense_variant,,,2,251308,7.95836185079663E-06
9,130444725,rs756998073,G,A,"gnomAD Exomes,gnomAD Genomes",PASS,PASS,p.Glu530Lys,p.Glu530Lys,c.1588G>A,1588,missense_variant,,,2,282708,7.07443722851847E-06
9,130444735,rs750155933,G,C,gnomAD Exomes,PASS,NA,p.Ser533Thr,p.Ser533Thr,c.1598G>C,1598,missense_variant,Uncertain significance,,7,251304,2.78547098335084E-05
9,130444743,rs1241329041,C,T,gnomAD Genomes,NA,PASS,p.Arg536Cys,p.Arg536Cys,c.1606C>T,1606,missense_variant,Uncertain significance,,1,31410,3.18369945877109E-05
9,130444744,rs749244650,G,A,"gnomAD Exomes,gnomAD Genomes",PASS,PASS,p.Arg536His,p.Arg536His,c.1607G>A,1607,missense_variant,Uncertain significance,,2,282802,7.07208577025622E-06
9,130444761,rs754989171,C,T,gnomAD Exomes,PASS,NA,p.Leu542Phe,p.Leu542Phe,c.1624C>T,1624,missense_variant,,,1,251442,3.97706031609675E-06
9,130444761,rs754989171,C,G,gnomAD Exomes,PASS,NA,p.Leu542Val,p.Leu542Val,c.1624C>G,1624,missense_variant,,,1,251442,3.97706031609675E-06
9,130444777,rs1202105084,T,C,gnomAD Genomes,NA,PASS,p.Leu547Pro,p.Leu547Pro,c.1640T>C,1640,missense_variant,,,1,31392,3.1855249745158E-05
9,130444780,rs1479503259,A,G,gnomAD Exomes,PASS,NA,p.Asn548Ser,p.Asn548Ser,c.1643A>G,1643,missense_variant,,,1,251426,3.97731340434163E-06
9,130444794,rs1408532785,G,A,gnomAD Exomes,PASS,NA,p.Ala553Thr,p.Ala553Thr,c.1657G>A,1657,missense_variant,,,1,251392,3.97785132382892E-06
9,130444809,rs796053376,C,A,gnomAD Exomes,PASS,NA,p.Gln558Lys,p.Gln558Lys,c.1672C>A,1672,missense_variant,,,3,251360,1.19350732017823E-05
9,130444818,rs369960553,G,A,gnomAD Exomes,PASS,NA,p.Gly561Arg,p.Gly561Arg,c.1681G>A,1681,missense_variant,Uncertain significance,,1,251278,3.97965599853548E-06
9,130446693,rs757607352,A,C,gnomAD Exomes,PASS,NA,p.Arg583Ser,p.Arg583Ser,c.1749A>C,1749,missense_variant,Uncertain significance,,2,251442,7.9541206321935E-06
9,130446700,rs746172968,G,A,"gnomAD Exomes,gnomAD Genomes",PASS,PASS,p.Asp586Asn,p.Asp586Asn,c.1756G>A,1756,missense_variant,Uncertain significance,,3,282816,1.06076035302104E-05
9,130446706,rs770082261,A,G,gnomAD Exomes,PASS,NA,p.Arg588Gly,p.Arg588Gly,c.1762A>G,1762,missense_variant,,,1,251428,3.97728176654947E-06
9,130446709,rs144054444,G,A,gnomAD Genomes,NA,PASS,p.Glu589Lys,p.Glu589Lys,c.1765G>A,1765,missense_variant,Benign,,1,31400,3.18471337579617E-05
9,130446727,rs1318295744,T,G,gnomAD Exomes,PASS,NA,p.Phe595Val,p.Phe595Val,c.1783T>G,1783,missense_variant,Uncertain significance,,1,251300,3.97930760047751E-06
9,130446728,rs1479464648,T,G,gnomAD Genomes,NA,PASS,p.Phe595Cys,p.Phe595Cys,c.1784T>G,1784,missense_variant,,,1,31404,3.18430773149917E-05
9,130446733,rs749807465,G,A,gnomAD Exomes,PASS,NA,p.Asp597Asn,p.Asp597Asn,c.1789G>A,1789,missense_variant,Conflicting interpretations of pathogenicity,,1,251214,3.98066986712524E-06
9,130446748,rs141208884,A,G,"gnomAD Exomes,gnomAD Genomes",PASS,PASS,p.Met602Val,p.Met602Val,c.1804A>G,1804,missense_variant,Likely benign,,43,282278,0.000152332098144
9,130453114,rs1346726468,C,T,gnomAD Genomes,NA,PASS,p.Thr588Ile,p.Thr588Ile,c.1763C>T,1763,missense_variant,Uncertain significance,,4,31394,0.000127412881442
9,130453126,rs1052459585,T,C,gnomAD Exomes,PASS,NA,p.Ile592Thr,p.Ile592Thr,c.1775T>C,1775,missense_variant,,,2,250410,7.98690148157022E-06
