AA variant,condition,Func. Impact,FI score
L6P,Disease,medium,3.075
E12D,Population,low,1.205
K25Q,Population,medium,2.205
L41P,Disease,medium,2.38
S42F,Disease,medium,3.06
E53Q,Population,low,1.935
E59K,Disease,medium,3.22
A73P,Disease,medium,3.1
Y75C,Disease,medium,3.16
L76P,Disease,medium,2.685
I77N,Disease,medium,2.81
T78S,Population,low,0.93
P79L,Disease,medium,3.235
S80P,Disease,medium,1.965
V84I,Population,low,1.13
V84D,Disease,medium,3.02
D90H,Disease,medium,3.25
P94L,Population,medium,2.08
Y99C,Disease,medium,3.25
R100W,Population,medium,2.38
R100Q,Population,medium,2.03
A101P,Disease,medium,2.3
H103P,Disease,medium,2.98
V104I,Population,low,0.905
A113T,Population,neutral,-0.11
R122Q,Population,neutral,0.55
P139L,Disease,medium,2.69
P139Q,Disease,medium,3.04
F153S,Population,medium,2.82
I168V,Population,neutral,-0.755
L169M,Population,neutral,0.545
R171H,Population,medium,2.01
A173E,Disease,medium,3.08
T178I,Disease,medium,2.975
C180Y,Disease,medium,3.1
L183R,Disease,medium,3.225
R190W,Disease,medium,2.59
D207N,Population,neutral,0.685
D207G,Disease,low,1.725
D210N,Population,low,1.69
P223S,Population,low,1.34
R235G,Disease,medium,3.235
R235Q,Disease,medium,2.89
H245D,Disease,medium,3.245
H245R,Disease,medium,3.245
M252T,Disease,medium,2.875
L256P,Disease,medium,3.24
D262V,Disease,medium,2.87
L281P,Disease,medium,3.11
E283K,Disease,medium,3.01
D285Y,Disease,medium,3.24
L287P,Disease,medium,2.92
I289V,Population,neutral,-1.705
R292C,Disease,medium,2.895
R292H,Disease,medium,2.895
R292L,Disease,medium,3.24
R305Q,Population,neutral,0.205
R305W,Population,low,1.445
P335L,Disease,medium,2.645
P335S,Disease,medium,2.85
L341P,Disease,medium,2.75
C354R,Disease,medium,3.03
C354Y,Disease,medium,3.03
T361I,Disease,low,1.895
V362I,Population,low,1.635
E381Q,Population,low,1.895
R406C,Disease,medium,3.25
R406H,Disease,medium,3.25
T419M,Population,low,1.83
L426P,Disease,medium,3.18
A430T,Population,medium,3.195
P434L,Population,low,1.155
M443R,Disease,medium,2.455
A444V,Population,low,0.88
H445P,Disease,medium,2.325
L446F,Disease,medium,2.415
I450V,Population,low,0.96
V451I,Population,neutral,-0.19
T455M,Population,low,1.67
R457C,Population,medium,2.24
R458H,Population,low,1.495
R459W,Population,low,0.805
P462L,Population,low,0.805
P480L,Disease,medium,2.425
P480S,Disease,medium,3.23
R505H,Population,low,1.445
R505C,Population,medium,2.07
V515I,Population,low,0.925
A517V,Population,low,1.67
G529S,Population,neutral,0.065
E530K,Population,medium,2.14
S533T,Population,neutral,0.215
R536H,Population,medium,3.18
G544C,Disease,medium,3.24
G544V,Disease,medium,3.24
G544D,Disease,medium,3.24
N548I,Disease,neutral,0.345
R551P,Disease,medium,3.235
R551C,Disease,medium,3.235
R551H,Disease,medium,3.235
C552R,Disease,medium,2.54
Y554C,Disease,medium,3.105
Q558K,Population,neutral,0.205
S569F,Disease,medium,2.92
T570A,Disease,medium,2.9
T574P,Disease,medium,2.85
P575S,Disease,medium,3.155
T588I,Population,low,0.895
I592T,Population,neutral,0.625
