Mutation,condition,Score,prediction
L6P,Disease,-4.797,Deleterious
E12D,Population,-1.478,Neutral
K25Q,Population,-0.555,Neutral
L41P,Disease,-4.408,Deleterious
S42F,Disease,-5.054,Deleterious
E53Q,Population,-1.907,Neutral
E59K,Disease,-3.486,Deleterious
A73P,Disease,-4.043,Deleterious
Y75C,Disease,-7.899,Deleterious
L76P,Disease,-5.456,Deleterious
I77N,Disease,-5.809,Deleterious
T78S,Population,-1.621,Neutral
P79L,Disease,-8.783,Deleterious
S80P,Disease,-2.201,Neutral
V84I,Population,-0.41,Neutral
V84D,Disease,-5.851,Deleterious
D90H,Disease,-6.211,Deleterious
P94L,Population,-2.897,Deleterious
Y99C,Disease,-7.829,Deleterious
R100W,Population,-5.005,Deleterious
R100Q,Population,-1.556,Neutral
A101P,Disease,-3.047,Deleterious
H103P,Disease,-8.353,Deleterious
V104I,Population,-0.253,Neutral
A113T,Population,-0.161,Neutral
R122Q,Population,-0.379,Neutral
P139L,Disease,-9.239,Deleterious
P139Q,Disease,-7.391,Deleterious
F153S,Population,-6.299,Deleterious
I168V,Population,0.122,Neutral
L169M,Population,0.216,Neutral
R171H,Population,-3.545,Deleterious
A173E,Disease,-4.608,Deleterious
T178I,Disease,-5.449,Deleterious
C180M,Disease,-9.1,Deleterious
C180Y,Disease,-10.01,Deleterious
L183R,Disease,-5.465,Deleterious
R190W,Disease,-7.289,Deleterious
D207N,Population,-0.086,Neutral
D207G,Disease,-1.263,Neutral
D210N,Population,-2.11,Neutral
P223S,Population,-4.882,Deleterious
R235G,Disease,-6.626,Deleterious
R235Q,Disease,-3.788,Deleterious
H245D,Disease,-8.514,Deleterious
H245R,Disease,-7.57,Deleterious
M252T,Disease,-5.443,Deleterious
L256P,Disease,-6.617,Deleterious
D262V,Disease,-8.434,Deleterious
L281P,Disease,-6.514,Deleterious
E283K,Disease,-3.639,Deleterious
D285Y,Disease,-8.125,Deleterious
L287P,Disease,-6.131,Deleterious
I289V,Population,0.667,Neutral
R292C,Disease,-7.578,Deleterious
R292H,Disease,-4.736,Deleterious
R292L,Disease,-6.631,Deleterious
R305Q,Population,0.206,Neutral
R305W,Population,-3.743,Deleterious
P335L,Disease,-9.548,Deleterious
P335S,Disease,-7.639,Deleterious
L341P,Disease,-6.461,Deleterious
C354R,Disease,-11.458,Deleterious
C354Y,Disease,-10.503,Deleterious
T361I,Disease,-2.451,Neutral
V362I,Population,-0.536,Neutral
E381Q,Population,-2.237,Neutral
R406C,Disease,-7.861,Deleterious
R406H,Disease,-4.913,Deleterious
T419M,Population,-3.246,Deleterious
L426P,Disease,-6.878,Deleterious
A430T,Population,-3.53,Deleterious
P434L,Population,-3.044,Deleterious
M443R,Disease,-3.866,Deleterious
A444V,Population,-2.06,Neutral
H445P,Disease,-4.45,Deleterious
L446F,Disease,-3.826,Deleterious
I450V,Population,-0.306,Neutral
V451I,Population,-0.04,Neutral
T455M,Population,-1.679,Neutral
R457C,Population,-3.375,Deleterious
R458H,Population,-2.327,Neutral
R459W,Population,-2.317,Neutral
P462L,Population,-3.66,Deleterious
P480L,Disease,-9.819,Deleterious
P480S,Disease,-7.855,Deleterious
R505H,Population,-2.667,Deleterious
R505C,Population,-3.075,Deleterious
V515I,Population,-0.73,Neutral
A517V,Population,-2.979,Deleterious
G529S,Population,1.445,Neutral
E530K,Population,-2.059,Neutral
S533T,Population,-1.042,Neutral
R536H,Population,-4.809,Deleterious
G544C,Disease,-8.757,Deleterious
G544V,Disease,-8.757,Deleterious
G544D,Disease,-6.809,Deleterious
N548I,Disease,-3.159,Deleterious
R551P,Disease,-6.811,Deleterious
R551C,Disease,-7.784,Deleterious
R551H,Disease,-4.865,Deleterious
C552R,Disease,-7.475,Deleterious
Y554C,Disease,-8.757,Deleterious
Q558K,Population,-0.453,Neutral
S569F,Disease,-5.101,Deleterious
T570A,Disease,-2.55,Deleterious
T574P,Disease,-4.697,Deleterious
P575S,Disease,-6.985,Deleterious
R583S,Population,-1.002,Neutral
D586N,Population,-0.139,Neutral
M602V,Population,0.144,Neutral
