Category,Count,Wild residue,Position,Target residu,AA variant,category_mutationassessor,Category_provean,category_FANTHMM,Category_predictSNP,Category_MAPP,Category_PhD_SNP,Category_PolyPhen2,Category_SIFT,Category_SNAP,Category_PANTHER,Category_mutpred2,,Count A,Count B,Count C,Count D,Count Error,,,,
Disease,,L,6,P,L6P,A,A,A,A,A,A,A,A,A,A,A,,11,0,0,0,0,,,,
Population,2,E,12,D,E12D,B,B,B,B,B,B,B,B,B,B,B,,0,11,0,0,0,,,DAMAGING - Disease,A
Population,3,K,25,N,K25Q,D,B,B,B,B,B,B,B,B,B,D,,0,9,0,2,0,,,TOLERATED - Population,B
Disease,,L,41,P,L41P,A,A,A,A,A,A,A,A,A,A,A,,11,0,0,0,0,,,TOLERATED - Disease,C
Disease,,S,42,F,S42F,A,A,A,A,A,A,A,A,A,A,A,,11,0,0,0,0,,,DAMAGING - Population,D
Population,2,E,53,Q,E53Q,B,B,B,B,B,B,D,B,B,D,D,,0,8,0,3,0,,,,
Disease,,E,59,K,E59K,A,A,C,A,A,A,A,A,A,ERROR,A,,9,0,1,0,1,,,,
Disease,,A,73,P,A73P,A,A,A,A,A,A,A,A,A,A,A,,11,0,0,0,0,,,,
Disease,,Y,75,C,Y75C,A,A,A,A,A,A,A,A,A,A,A,,11,0,0,0,0,,,,
Disease,,L,76,P,L76P,A,A,A,A,A,A,A,A,A,A,A,,11,0,0,0,0,,,,
Disease,,I,77,N,I77N,A,A,A,A,A,A,A,A,A,A,A,,11,0,0,0,0,,,,
Population,3,T,78,S,T78S,B,B,B,B,B,B,B,B,B,B,B,,0,11,0,0,0,,,,
Disease,,P,79,L,P79L,A,A,A,A,A,A,A,A,A,ERROR,A,,10,0,0,0,1,,,,
Disease,,S,80,P,S80P,A,C,C,A,A,A,A,A,C,A,A,,8,0,3,0,0,,,,
Population,163,V,84,I,V84D,A,A,C,B,B,B,D,B,B,B,B,,2,7,1,1,0,,,,
Disease,,V,84,D,V84I,B,B,B,A,A,A,A,A,A,A,A,,8,3,0,0,0,,,,
Disease,,D,90,H,D90H,A,A,C,A,A,A,A,A,A,ERROR,A,,9,0,1,0,1,,,,
Population,135,P,94,L,P94L,D,D,B,B,B,D,D,B,B,B,B,,0,7,0,4,0,,,,
Disease,,Y,99,C,Y99C,A,A,A,A,A,A,A,A,A,ERROR,A,,10,0,0,0,1,,,,
Population,13,R,100,W,R100W,D,D,B,B,B,B,B,D,B,D,B,,0,7,0,4,0,,,,
Population,2,R,100,Q,R100Q,D,B,B,B,B,B,D,D,B,B,B,,0,8,0,3,0,,,,
Disease,,A,101,P,A101P,A,A,C,A,A,A,A,A,C,A,A,,9,0,2,0,0,,,,
Disease,,H,103,P,H103P,A,A,C,A,A,A,A,A,A,A,A,,10,0,1,0,0,,,,
Population,6,V,104,I,V104I,B,B,B,B,B,B,D,B,B,B,D,,0,9,0,2,0,,,,
Population,2,A,113,T,A113T,B,B,B,B,B,B,B,B,B,B,B,,0,11,0,0,0,,,,
Population,2,R,122,Q,R122Q,B,B,B,B,B,B,D,B,B,B,B,,0,10,0,1,0,,,,
Disease,,P,139,L,P139L,A,A,C,A,A,A,A,A,A,ERROR,A,,9,0,1,0,1,,,,
Disease,6x,P,139,Q,P139Q,A,A,C,A,A,A,A,A,A,ERROR,A,,9,0,1,0,1,,,,
Population,2,F,153,S,F153S,D,D,B,D,D,B,D,D,D,D,D,,0,2,0,9,0,,,,
Population,2,I,168,M,I168V,B,B,B,B,B,B,B,B,B,B,B,,0,11,0,0,0,,,,
Population,3,L,169,M,L169M,B,B,B,B,B,B,B,B,B,B,B,,0,11,0,0,0,,,,
Population,7,R,171,H,R171H,D,D,B,B,B,B,D,B,B,B,B,,0,8,0,3,0,,,,
Disease,,A,173,E,A173E,A,A,C,A,A,A,A,A,A,A,A,,10,0,1,0,0,,,,
Disease,,T,178,I,T178I,A,A,C,A,A,C,A,A,A,A,A,,9,0,2,0,0,,,,
Disease,,C,180,M,C180M,ERROR,A,C,A,A,A,A,A,A,A,A,,9,0,1,0,1,,,,
Disease,,C,180,Y,C180Y,A,A,C,A,A,A,A,A,A,A,A,,10,0,1,0,0,,,,
Disease,2x,L,183,R,L183R,A,A,C,A,A,A,A,A,A,ERROR,A,,9,0,1,0,1,,,,
Disease,6x,R,190,W,R190W,A,A,A,A,A,A,A,A,A,ERROR,A,,10,0,0,0,1,,,,
Disease,,D,207,G,D207G,C,C,C,C,C,C,C,C,C,C,A,,1,0,10,0,0,,,,
Population,10,D,207,N,D207N,B,B,B,B,B,B,B,B,B,B,B,,0,11,0,0,0,,,,
Population,3,D,210,N,D210N,B,B,B,B,B,B,B,B,B,B,B,,0,11,0,0,0,,,,
Population,2,P,223,S,P223S,B,D,B,B,B,B,D,B,B,B,B,,0,9,0,2,0,,,,
Disease,3x,R,235,G,R235G,A,A,A,A,A,A,A,A,A,ERROR,A,,10,0,0,0,1,,,,
Disease,3x,R,235,Q,R235Q,A,A,A,A,A,A,A,A,A,ERROR,A,,10,0,0,0,1,,,,
Disease,2x,H,245,D,H245D,A,A,C,A,A,A,A,A,A,ERROR,A,,9,0,1,0,1,,,,
Disease,2x,H,245,R,H245R,A,A,C,A,A,A,A,A,A,ERROR,A,,9,0,1,0,1,,,,
Disease,,M,252,T,M252T,A,A,A,A,A,A,A,A,A,A,A,,11,0,0,0,0,,,,
Disease,,L,256,P,L256P,A,A,A,A,A,A,A,A,A,A,A,,11,0,0,0,0,,,,
Disease,,D,262,V,D262V,A,A,C,,,,,A,A,A,A,,6,0,1,0,0,,,,
Disease,,L,281,P,L281P,A,A,A,A,A,A,A,A,A,A,A,,11,0,0,0,0,,,,
Disease,2,E,283,K,E283K,A,A,C,A,A,A,A,A,A,A,A,,10,0,1,0,0,,,,
Disease,,D,285,Y,D285Y,A,A,A,A,A,A,A,A,A,ERROR,A,,10,0,0,0,1,,,,
Disease,,L,287,P,L287P,A,A,C,A,A,A,A,A,A,A,A,,10,0,1,0,0,,,,
Population,3,I,289,V,I289V,B,B,B,B,B,B,B,B,B,B,B,,0,11,0,0,0,,,,
Disease,10x,R,292,H,R292H,A,A,C,A,A,A,A,A,C,ERROR,A,,8,0,2,0,1,,,,
Disease,7x,R,292,C,R292C,A,A,C,A,A,A,A,A,A,ERROR,A,,9,0,1,0,1,,,,
Disease,,R,292,L,R292L,A,A,C,A,A,A,A,A,A,ERROR,A,,9,0,1,0,1,,,,
Population,5,R,305,W,R305W,B,D,B,B,B,B,B,D,B,D,B,,0,8,0,3,0,,,,
Population,2,R,305,Q,R305Q,B,B,B,B,B,B,B,B,B,B,B,,0,11,0,0,0,,,,
Disease,,P,335,S,P335S,A,A,A,A,C,A,A,A,C,A,A,,9,0,2,0,0,,,,
Disease,,P,335,L,P335L,A,A,A,A,A,A,A,A,C,A,A,,10,0,1,0,0,,,,
Disease,,L,341,P,L341P,A,A,C,A,A,A,A,A,A,A,A,,10,0,1,0,0,,,,
Disease,2x,C,354,R,C354R,A,A,A,A,A,A,A,A,A,A,A,,11,0,0,0,0,,,,
Disease,2,C,354,Y,C354Y,A,A,A,A,A,A,A,A,A,A,A,,11,0,0,0,0,,,,
Disease,,T,361,I,T361I,C,C,C,C,A,C,A,C,C,C,C,,2,0,9,0,0,,,,
Population,2,V,362,I,V362I,B,B,B,B,B,B,B,B,B,B,B,,0,11,0,0,0,,,,
Population,3,E,381,Q,E381Q,B,B,B,B,B,B,D,B,B,B,B,,0,10,0,1,0,,,,
Disease,9,R,406,C,R406C,A,A,A,A,A,A,A,A,A,ERROR,A,,10,0,0,0,1,,,,
Disease,12x,R,406,H,R406H,A,A,A,A,A,A,A,A,A,ERROR,A,,10,0,0,0,1,,,,
Population,5,T,419,M,T419M,B,D,B,B,B,B,D,D,B,D,B,,0,7,0,4,0,,,,
Disease,2x,L,426,P,L426P,A,A,A,A,A,A,A,A,A,ERROR,A,,10,0,0,0,1,,,,
Population,4,A,430,T,A430T,D,D,B,D,D,B,D,D,B,B,B,,0,5,0,6,0,,,,
Population,4,P,434,L,P434L,B,D,B,B,B,B,D,B,B,B,B,,0,9,0,2,0,,,,
Disease,,M,443,R,M443R,A,A,C,A,A,A,A,A,A,A,A,,10,0,1,0,0,,,,
Population,2,A,444,V,A444V,B,B,B,B,B,B,B,B,B,B,B,,0,11,0,0,0,,,,
Disease,2,H,445,P,H445P,A,A,C,C,A,A,C,C,A,C,A,,6,0,5,0,0,,,,
Disease,,L,446,F,L446F,A,A,C,A,C,A,A,A,C,A,C,,7,0,4,0,0,,,,
Population,6,I,450,V,I450V,B,B,B,B,B,B,B,B,B,B,B,,0,11,0,0,0,,,,
Population,47,V,451,I,V451I,B,B,B,B,B,B,B,B,B,B,B,,0,11,0,0,0,,,,
Population,4,T,455,M,T455M,B,B,B,B,B,B,D,D,B,B,B,,0,9,0,2,0,,,,
Population,2,R,457,C,R457C,D,D,B,D,D,D,D,D,D,D,B,,0,2,0,9,0,,,,
Population,2,R,458,H,R458H,B,B,B,B,B,B,D,D,B,B,B,,0,9,0,2,0,,,,
Population,2,R,459,W,R459W,B,B,B,B,B,B,D,B,B,D,B,,0,9,0,2,0,,,,
Population,12,P,462,L,P462L,B,D,B,B,B,B,D,B,B,B,B,,0,9,0,2,0,,,,
Disease,,P,480,S,P480S,A,A,A,A,A,A,A,A,C,A,A,,10,0,1,0,0,,,,
Disease,4x,P,480,L,P480L,A,A,A,A,A,A,A,A,A,A,A,,11,0,0,0,0,,,,
Population,2,R,505,C,R505C,D,D,B,B,B,D,B,B,B,B,B,,0,8,0,3,0,,,,
Population,3,R,505,H,R505H,B,D,B,B,B,B,B,B,B,B,B,,0,10,0,1,0,,,,
Population,6,V,515,I,V515I,B,B,B,B,B,B,B,B,B,B,B,,0,11,0,0,0,,,,
Population,2,A,517,V,A517V,B,D,B,B,B,B,B,D,B,ERROR,D,,0,7,0,3,1,,,,
Population,2,G,529,S,G529S,B,B,B,B,B,D,B,B,B,B,B,,0,10,0,1,0,,,,
Population,2,E,530,K,E530K,D,B,B,B,B,D,D,B,B,B,D,,0,7,0,4,0,,,,
Population,7,S,533,T,S533T,B,B,B,B,B,B,B,B,B,B,B,,0,11,0,0,0,,,,
Population,2,R,536,H,R536H,D,D,B,D,B,D,D,D,D,D,D,,0,2,0,9,0,,,,
Disease,2x,G,544,C,G544C,A,A,A,A,A,A,A,A,A,ERROR,A,,10,0,0,0,1,,,,
Disease,,G,544,D,G544D,A,A,A,A,A,A,A,A,A,ERROR,A,,10,0,0,0,1,,,,
Disease,5x,G,544,V,G544V,A,A,A,A,A,A,A,A,A,ERROR,A,,10,0,0,0,1,,,,
Disease,,N,548,I,N548I,C,A,C,A,A,A,C,A,C,A,A,,7,0,4,0,0,,,,
Disease,,R,551,H,R551H,A,A,C,A,A,A,A,A,C,ERROR,A,,8,0,2,0,1,,,,
Disease,10,R,551,C,R551C,A,A,C,A,A,A,A,A,A,ERROR,A,,9,0,1,0,1,,,,
Disease,,C,552,R,C552R,A,A,C,A,A,A,A,A,A,A,A,,10,0,1,0,0,,,,
Disease,,Y,554,C,Y554C,A,A,C,A,A,A,A,A,A,ERROR,A,,9,0,1,0,1,,,,
Population,3,Q,558,K,Q558K,B,B,B,B,B,B,B,B,B,B,D,,0,10,0,1,0,,,,
Disease,,S,569,F,S569F,A,A,A,A,A,A,A,A,A,ERROR,,,9,0,0,0,1,,,,
Disease,,T,570,A,T570A,A,A,A,A,A,A,A,A,A,C,A,,10,0,1,0,0,,,,
Disease,2x,T,574,P,T574P,A,A,C,A,A,A,A,A,A,A,A,,10,0,1,0,0,,,,
Disease,,P,575,S,P575S,A,A,C,A,A,C,A,A,C,ERROR,A,,7,0,3,0,1,,,,
