#WT	POS	MUT
M	1	A
M	1	C
M	1	D
M	1	E
M	1	F
M	1	G
M	1	H
M	1	I
M	1	K
M	1	L
M	1	M
M	1	N
M	1	P
M	1	Q
M	1	R
M	1	S
M	1	T
M	1	V
M	1	W
M	1	Y
A	2	A
A	2	C
A	2	D
A	2	E
A	2	F
A	2	G
A	2	H
A	2	I
A	2	K
A	2	L
A	2	M
A	2	N
A	2	P
A	2	Q
A	2	R
A	2	S
A	2	T
A	2	V
A	2	W
A	2	Y
P	3	A
P	3	C
P	3	D
P	3	E
P	3	F
P	3	G
P	3	H
P	3	I
P	3	K
P	3	L
P	3	M
P	3	N
P	3	P
P	3	Q
P	3	R
P	3	S
P	3	T
P	3	V
P	3	W
P	3	Y
I	4	A
I	4	C
I	4	D
I	4	E
I	4	F
I	4	G
I	4	H
I	4	I
I	4	K
I	4	L
I	4	M
I	4	N
I	4	P
I	4	Q
I	4	R
I	4	S
I	4	T
I	4	V
I	4	W
I	4	Y
G	5	A
G	5	C
G	5	D
G	5	E
G	5	F
G	5	G
G	5	H
G	5	I
G	5	K
G	5	L
G	5	M
G	5	N
G	5	P
G	5	Q
G	5	R
G	5	S
G	5	T
G	5	V
G	5	W
G	5	Y
L	6	A
L	6	C
L	6	D
L	6	E
L	6	F
L	6	G
L	6	H
L	6	I
L	6	K
L	6	L
L	6	M
L	6	N
L	6	P
L	6	Q
L	6	R
L	6	S
L	6	T
L	6	V
L	6	W
L	6	Y
K	7	A
K	7	C
K	7	D
K	7	E
K	7	F
K	7	G
K	7	H
K	7	I
K	7	K
K	7	L
K	7	M
K	7	N
K	7	P
K	7	Q
K	7	R
K	7	S
K	7	T
K	7	V
K	7	W
K	7	Y
A	8	A
A	8	C
A	8	D
A	8	E
A	8	F
A	8	G
A	8	H
A	8	I
A	8	K
A	8	L
A	8	M
A	8	N
A	8	P
A	8	Q
A	8	R
A	8	S
A	8	T
A	8	V
A	8	W
A	8	Y
V	9	A
V	9	C
V	9	D
V	9	E
V	9	F
V	9	G
V	9	H
V	9	I
V	9	K
V	9	L
V	9	M
V	9	N
V	9	P
V	9	Q
V	9	R
V	9	S
V	9	T
V	9	V
V	9	W
V	9	Y
V	10	A
V	10	C
V	10	D
V	10	E
V	10	F
V	10	G
V	10	H
V	10	I
V	10	K
V	10	L
V	10	M
V	10	N
V	10	P
V	10	Q
V	10	R
V	10	S
V	10	T
V	10	V
V	10	W
V	10	Y
G	11	A
G	11	C
G	11	D
G	11	E
G	11	F
G	11	G
G	11	H
G	11	I
G	11	K
G	11	L
G	11	M
G	11	N
G	11	P
G	11	Q
G	11	R
G	11	S
G	11	T
G	11	V
G	11	W
G	11	Y
E	12	A
E	12	C
E	12	D
E	12	E
E	12	F
E	12	G
E	12	H
E	12	I
E	12	K
E	12	L
E	12	M
E	12	N
E	12	P
E	12	Q
E	12	R
E	12	S
E	12	T
E	12	V
E	12	W
E	12	Y
K	13	A
K	13	C
K	13	D
K	13	E
K	13	F
K	13	G
K	13	H
K	13	I
K	13	K
K	13	L
K	13	M
K	13	N
K	13	P
K	13	Q
K	13	R
K	13	S
K	13	T
K	13	V
K	13	W
K	13	Y
I	14	A
I	14	C
I	14	D
I	14	E
I	14	F
I	14	G
I	14	H
I	14	I
I	14	K
I	14	L
I	14	M
I	14	N
I	14	P
I	14	Q
I	14	R
I	14	S
I	14	T
I	14	V
I	14	W
I	14	Y
M	15	A
M	15	C
M	15	D
M	15	E
M	15	F
M	15	G
M	15	H
M	15	I
M	15	K
M	15	L
M	15	M
M	15	N
M	15	P
M	15	Q
M	15	R
M	15	S
M	15	T
M	15	V
M	15	W
M	15	Y
H	16	A
H	16	C
H	16	D
H	16	E
H	16	F
H	16	G
H	16	H
H	16	I
H	16	K
H	16	L
H	16	M
H	16	N
H	16	P
H	16	Q
H	16	R
H	16	S
H	16	T
H	16	V
H	16	W
H	16	Y
D	17	A
D	17	C
D	17	D
D	17	E
D	17	F
D	17	G
D	17	H
D	17	I
D	17	K
D	17	L
D	17	M
D	17	N
D	17	P
D	17	Q
D	17	R
D	17	S
D	17	T
D	17	V
D	17	W
D	17	Y
V	18	A
V	18	C
V	18	D
V	18	E
V	18	F
V	18	G
V	18	H
V	18	I
V	18	K
V	18	L
V	18	M
V	18	N
V	18	P
V	18	Q
V	18	R
V	18	S
V	18	T
V	18	V
V	18	W
V	18	Y
I	19	A
I	19	C
I	19	D
I	19	E
I	19	F
I	19	G
I	19	H
I	19	I
I	19	K
I	19	L
I	19	M
I	19	N
I	19	P
I	19	Q
I	19	R
I	19	S
I	19	T
I	19	V
I	19	W
I	19	Y
K	20	A
K	20	C
K	20	D
K	20	E
K	20	F
K	20	G
K	20	H
K	20	I
K	20	K
K	20	L
K	20	M
K	20	N
K	20	P
K	20	Q
K	20	R
K	20	S
K	20	T
K	20	V
K	20	W
K	20	Y
K	21	A
K	21	C
K	21	D
K	21	E
K	21	F
K	21	G
K	21	H
K	21	I
K	21	K
K	21	L
K	21	M
K	21	N
K	21	P
K	21	Q
K	21	R
K	21	S
K	21	T
K	21	V
K	21	W
K	21	Y
V	22	A
V	22	C
V	22	D
V	22	E
V	22	F
V	22	G
V	22	H
V	22	I
V	22	K
V	22	L
V	22	M
V	22	N
V	22	P
V	22	Q
V	22	R
V	22	S
V	22	T
V	22	V
V	22	W
V	22	Y
K	23	A
K	23	C
K	23	D
K	23	E
K	23	F
K	23	G
K	23	H
K	23	I
K	23	K
K	23	L
K	23	M
K	23	N
K	23	P
K	23	Q
K	23	R
K	23	S
K	23	T
K	23	V
K	23	W
K	23	Y
K	24	A
K	24	C
K	24	D
K	24	E
K	24	F
K	24	G
K	24	H
K	24	I
K	24	K
K	24	L
K	24	M
K	24	N
K	24	P
K	24	Q
K	24	R
K	24	S
K	24	T
K	24	V
K	24	W
K	24	Y
K	25	A
K	25	C
K	25	D
K	25	E
K	25	F
K	25	G
K	25	H
K	25	I
K	25	K
K	25	L
K	25	M
K	25	N
K	25	P
K	25	Q
K	25	R
K	25	S
K	25	T
K	25	V
K	25	W
K	25	Y
G	26	A
G	26	C
G	26	D
G	26	E
G	26	F
G	26	G
G	26	H
G	26	I
G	26	K
G	26	L
G	26	M
G	26	N
G	26	P
G	26	Q
G	26	R
G	26	S
G	26	T
G	26	V
G	26	W
G	26	Y
E	27	A
E	27	C
E	27	D
E	27	E
E	27	F
E	27	G
E	27	H
E	27	I
E	27	K
E	27	L
E	27	M
E	27	N
E	27	P
E	27	Q
E	27	R
E	27	S
E	27	T
E	27	V
E	27	W
E	27	Y
W	28	A
W	28	C
W	28	D
W	28	E
W	28	F
W	28	G
W	28	H
W	28	I
W	28	K
W	28	L
W	28	M
W	28	N
W	28	P
W	28	Q
W	28	R
W	28	S
W	28	T
W	28	V
W	28	W
W	28	Y
K	29	A
K	29	C
K	29	D
K	29	E
K	29	F
K	29	G
K	29	H
K	29	I
K	29	K
K	29	L
K	29	M
K	29	N
K	29	P
K	29	Q
K	29	R
K	29	S
K	29	T
K	29	V
K	29	W
K	29	Y
V	30	A
V	30	C
V	30	D
V	30	E
V	30	F
V	30	G
V	30	H
V	30	I
V	30	K
V	30	L
V	30	M
V	30	N
V	30	P
V	30	Q
V	30	R
V	30	S
V	30	T
V	30	V
V	30	W
V	30	Y
L	31	A
L	31	C
L	31	D
L	31	E
L	31	F
L	31	G
L	31	H
L	31	I
L	31	K
L	31	L
L	31	M
L	31	N
L	31	P
L	31	Q
L	31	R
L	31	S
L	31	T
L	31	V
L	31	W
L	31	Y
V	32	A
V	32	C
V	32	D
V	32	E
V	32	F
V	32	G
V	32	H
V	32	I
V	32	K
V	32	L
V	32	M
V	32	N
V	32	P
V	32	Q
V	32	R
V	32	S
V	32	T
V	32	V
V	32	W
V	32	Y
V	33	A
V	33	C
V	33	D
V	33	E
V	33	F
V	33	G
V	33	H
V	33	I
V	33	K
V	33	L
V	33	M
V	33	N
V	33	P
V	33	Q
V	33	R
V	33	S
V	33	T
V	33	V
V	33	W
V	33	Y
D	34	A
D	34	C
D	34	D
D	34	E
D	34	F
D	34	G
D	34	H
D	34	I
D	34	K
D	34	L
D	34	M
D	34	N
D	34	P
D	34	Q
D	34	R
D	34	S
D	34	T
D	34	V
D	34	W
D	34	Y
Q	35	A
Q	35	C
Q	35	D
Q	35	E
Q	35	F
Q	35	G
Q	35	H
Q	35	I
Q	35	K
Q	35	L
Q	35	M
Q	35	N
Q	35	P
Q	35	Q
Q	35	R
Q	35	S
Q	35	T
Q	35	V
Q	35	W
Q	35	Y
L	36	A
L	36	C
L	36	D
L	36	E
L	36	F
L	36	G
L	36	H
L	36	I
L	36	K
L	36	L
L	36	M
L	36	N
L	36	P
L	36	Q
L	36	R
L	36	S
L	36	T
L	36	V
L	36	W
L	36	Y
S	37	A
S	37	C
S	37	D
S	37	E
S	37	F
S	37	G
S	37	H
S	37	I
S	37	K
S	37	L
S	37	M
S	37	N
S	37	P
S	37	Q
S	37	R
S	37	S
S	37	T
S	37	V
S	37	W
S	37	Y
M	38	A
M	38	C
M	38	D
M	38	E
M	38	F
M	38	G
M	38	H
M	38	I
M	38	K
M	38	L
M	38	M
M	38	N
M	38	P
M	38	Q
M	38	R
M	38	S
M	38	T
M	38	V
M	38	W
M	38	Y
R	39	A
R	39	C
R	39	D
R	39	E
R	39	F
R	39	G
R	39	H
R	39	I
R	39	K
R	39	L
R	39	M
R	39	N
R	39	P
R	39	Q
R	39	R
R	39	S
R	39	T
R	39	V
R	39	W
R	39	Y
M	40	A
M	40	C
M	40	D
M	40	E
M	40	F
M	40	G
M	40	H
M	40	I
M	40	K
M	40	L
M	40	M
M	40	N
M	40	P
M	40	Q
M	40	R
M	40	S
M	40	T
M	40	V
M	40	W
M	40	Y
L	41	A
L	41	C
L	41	D
L	41	E
L	41	F
L	41	G
L	41	H
L	41	I
L	41	K
L	41	L
L	41	M
L	41	N
L	41	P
L	41	Q
L	41	R
L	41	S
L	41	T
L	41	V
L	41	W
L	41	Y
S	42	A
S	42	C
S	42	D
S	42	E
S	42	F
S	42	G
S	42	H
S	42	I
S	42	K
S	42	L
S	42	M
S	42	N
S	42	P
S	42	Q
S	42	R
S	42	S
S	42	T
S	42	V
S	42	W
S	42	Y
S	43	A
S	43	C
S	43	D
S	43	E
S	43	F
S	43	G
S	43	H
S	43	I
S	43	K
S	43	L
S	43	M
S	43	N
S	43	P
S	43	Q
S	43	R
S	43	S
S	43	T
S	43	V
S	43	W
S	43	Y
C	44	A
C	44	C
C	44	D
C	44	E
C	44	F
C	44	G
C	44	H
C	44	I
C	44	K
C	44	L
C	44	M
C	44	N
C	44	P
C	44	Q
C	44	R
C	44	S
C	44	T
C	44	V
C	44	W
C	44	Y
C	45	A
C	45	C
C	45	D
C	45	E
C	45	F
C	45	G
C	45	H
C	45	I
C	45	K
C	45	L
C	45	M
C	45	N
C	45	P
C	45	Q
C	45	R
C	45	S
C	45	T
C	45	V
C	45	W
C	45	Y
K	46	A
K	46	C
K	46	D
K	46	E
K	46	F
K	46	G
K	46	H
K	46	I
K	46	K
K	46	L
K	46	M
K	46	N
K	46	P
K	46	Q
K	46	R
K	46	S
K	46	T
K	46	V
K	46	W
K	46	Y
M	47	A
M	47	C
M	47	D
M	47	E
M	47	F
M	47	G
M	47	H
M	47	I
M	47	K
M	47	L
M	47	M
M	47	N
M	47	P
M	47	Q
M	47	R
M	47	S
M	47	T
M	47	V
M	47	W
M	47	Y
T	48	A
T	48	C
T	48	D
T	48	E
T	48	F
T	48	G
T	48	H
T	48	I
T	48	K
T	48	L
T	48	M
T	48	N
T	48	P
T	48	Q
T	48	R
T	48	S
T	48	T
T	48	V
T	48	W
T	48	Y
D	49	A
D	49	C
D	49	D
D	49	E
D	49	F
D	49	G
D	49	H
D	49	I
D	49	K
D	49	L
D	49	M
D	49	N
D	49	P
D	49	Q
D	49	R
D	49	S
D	49	T
D	49	V
D	49	W
D	49	Y
I	50	A
I	50	C
I	50	D
I	50	E
I	50	F
I	50	G
I	50	H
I	50	I
I	50	K
I	50	L
I	50	M
I	50	N
I	50	P
I	50	Q
I	50	R
I	50	S
I	50	T
I	50	V
I	50	W
I	50	Y
M	51	A
M	51	C
M	51	D
M	51	E
M	51	F
M	51	G
M	51	H
M	51	I
M	51	K
M	51	L
M	51	M
M	51	N
M	51	P
M	51	Q
M	51	R
M	51	S
M	51	T
M	51	V
M	51	W
M	51	Y
T	52	A
T	52	C
T	52	D
T	52	E
T	52	F
T	52	G
T	52	H
T	52	I
T	52	K
T	52	L
T	52	M
T	52	N
T	52	P
T	52	Q
T	52	R
T	52	S
T	52	T
T	52	V
T	52	W
T	52	Y
E	53	A
E	53	C
E	53	D
E	53	E
E	53	F
E	53	G
E	53	H
E	53	I
E	53	K
E	53	L
E	53	M
E	53	N
E	53	P
E	53	Q
E	53	R
E	53	S
E	53	T
E	53	V
E	53	W
E	53	Y
G	54	A
G	54	C
G	54	D
G	54	E
G	54	F
G	54	G
G	54	H
G	54	I
G	54	K
G	54	L
G	54	M
G	54	N
G	54	P
G	54	Q
G	54	R
G	54	S
G	54	T
G	54	V
G	54	W
G	54	Y
I	55	A
I	55	C
I	55	D
I	55	E
I	55	F
I	55	G
I	55	H
I	55	I
I	55	K
I	55	L
I	55	M
I	55	N
I	55	P
I	55	Q
I	55	R
I	55	S
I	55	T
I	55	V
I	55	W
I	55	Y
T	56	A
T	56	C
T	56	D
T	56	E
T	56	F
T	56	G
T	56	H
T	56	I
T	56	K
T	56	L
T	56	M
T	56	N
T	56	P
T	56	Q
T	56	R
T	56	S
T	56	T
T	56	V
T	56	W
T	56	Y
I	57	A
I	57	C
I	57	D
I	57	E
I	57	F
I	57	G
I	57	H
I	57	I
I	57	K
I	57	L
I	57	M
I	57	N
I	57	P
I	57	Q
I	57	R
I	57	S
I	57	T
I	57	V
I	57	W
I	57	Y
V	58	A
V	58	C
V	58	D
V	58	E
V	58	F
V	58	G
V	58	H
V	58	I
V	58	K
V	58	L
V	58	M
V	58	N
V	58	P
V	58	Q
V	58	R
V	58	S
V	58	T
V	58	V
V	58	W
V	58	Y
E	59	A
E	59	C
E	59	D
E	59	E
E	59	F
E	59	G
E	59	H
E	59	I
E	59	K
E	59	L
E	59	M
E	59	N
E	59	P
E	59	Q
E	59	R
E	59	S
E	59	T
E	59	V
E	59	W
E	59	Y
D	60	A
D	60	C
D	60	D
D	60	E
D	60	F
D	60	G
D	60	H
D	60	I
D	60	K
D	60	L
D	60	M
D	60	N
D	60	P
D	60	Q
D	60	R
D	60	S
D	60	T
D	60	V
D	60	W
D	60	Y
I	61	A
I	61	C
I	61	D
I	61	E
I	61	F
I	61	G
I	61	H
I	61	I
I	61	K
I	61	L
I	61	M
I	61	N
I	61	P
I	61	Q
I	61	R
I	61	S
I	61	T
I	61	V
I	61	W
I	61	Y
N	62	A
N	62	C
N	62	D
N	62	E
N	62	F
N	62	G
N	62	H
N	62	I
N	62	K
N	62	L
N	62	M
N	62	N
N	62	P
N	62	Q
N	62	R
N	62	S
N	62	T
N	62	V
N	62	W
N	62	Y
K	63	A
K	63	C
K	63	D
K	63	E
K	63	F
K	63	G
K	63	H
K	63	I
K	63	K
K	63	L
K	63	M
K	63	N
K	63	P
K	63	Q
K	63	R
K	63	S
K	63	T
K	63	V
K	63	W
K	63	Y
R	64	A
R	64	C
R	64	D
R	64	E
R	64	F
R	64	G
R	64	H
R	64	I
R	64	K
R	64	L
R	64	M
R	64	N
R	64	P
R	64	Q
R	64	R
R	64	S
R	64	T
R	64	V
R	64	W
R	64	Y
R	65	A
R	65	C
R	65	D
R	65	E
R	65	F
R	65	G
R	65	H
R	65	I
R	65	K
R	65	L
R	65	M
R	65	N
R	65	P
R	65	Q
R	65	R
R	65	S
R	65	T
R	65	V
R	65	W
R	65	Y
E	66	A
E	66	C
E	66	D
E	66	E
E	66	F
E	66	G
E	66	H
E	66	I
E	66	K
E	66	L
E	66	M
E	66	N
E	66	P
E	66	Q
E	66	R
E	66	S
E	66	T
E	66	V
E	66	W
E	66	Y
P	67	A
P	67	C
P	67	D
P	67	E
P	67	F
P	67	G
P	67	H
P	67	I
P	67	K
P	67	L
P	67	M
P	67	N
P	67	P
P	67	Q
P	67	R
P	67	S
P	67	T
P	67	V
P	67	W
P	67	Y
L	68	A
L	68	C
L	68	D
L	68	E
L	68	F
L	68	G
L	68	H
L	68	I
L	68	K
L	68	L
L	68	M
L	68	N
L	68	P
L	68	Q
L	68	R
L	68	S
L	68	T
L	68	V
L	68	W
L	68	Y
P	69	A
P	69	C
P	69	D
P	69	E
P	69	F
P	69	G
P	69	H
P	69	I
P	69	K
P	69	L
P	69	M
P	69	N
P	69	P
P	69	Q
P	69	R
P	69	S
P	69	T
P	69	V
P	69	W
P	69	Y
S	70	A
S	70	C
S	70	D
S	70	E
S	70	F
S	70	G
S	70	H
S	70	I
S	70	K
S	70	L
S	70	M
S	70	N
S	70	P
S	70	Q
S	70	R
S	70	S
S	70	T
S	70	V
S	70	W
S	70	Y
L	71	A
L	71	C
L	71	D
L	71	E
L	71	F
L	71	G
L	71	H
L	71	I
L	71	K
L	71	L
L	71	M
L	71	N
L	71	P
L	71	Q
L	71	R
L	71	S
L	71	T
L	71	V
L	71	W
L	71	Y
E	72	A
E	72	C
E	72	D
E	72	E
E	72	F
E	72	G
E	72	H
E	72	I
E	72	K
E	72	L
E	72	M
E	72	N
E	72	P
E	72	Q
E	72	R
E	72	S
E	72	T
E	72	V
E	72	W
E	72	Y
A	73	A
A	73	C
A	73	D
A	73	E
A	73	F
A	73	G
A	73	H
A	73	I
A	73	K
A	73	L
A	73	M
A	73	N
A	73	P
A	73	Q
A	73	R
A	73	S
A	73	T
A	73	V
A	73	W
A	73	Y
V	74	A
V	74	C
V	74	D
V	74	E
V	74	F
V	74	G
V	74	H
V	74	I
V	74	K
V	74	L
V	74	M
V	74	N
V	74	P
V	74	Q
V	74	R
V	74	S
V	74	T
V	74	V
V	74	W
V	74	Y
Y	75	A
Y	75	C
Y	75	D
Y	75	E
Y	75	F
Y	75	G
Y	75	H
Y	75	I
Y	75	K
Y	75	L
Y	75	M
Y	75	N
Y	75	P
Y	75	Q
Y	75	R
Y	75	S
Y	75	T
Y	75	V
Y	75	W
Y	75	Y
L	76	A
L	76	C
L	76	D
L	76	E
L	76	F
L	76	G
L	76	H
L	76	I
L	76	K
L	76	L
L	76	M
L	76	N
L	76	P
L	76	Q
L	76	R
L	76	S
L	76	T
L	76	V
L	76	W
L	76	Y
I	77	A
I	77	C
I	77	D
I	77	E
I	77	F
I	77	G
I	77	H
I	77	I
I	77	K
I	77	L
I	77	M
I	77	N
I	77	P
I	77	Q
I	77	R
I	77	S
I	77	T
I	77	V
I	77	W
I	77	Y
T	78	A
T	78	C
T	78	D
T	78	E
T	78	F
T	78	G
T	78	H
T	78	I
T	78	K
T	78	L
T	78	M
T	78	N
T	78	P
T	78	Q
T	78	R
T	78	S
T	78	T
T	78	V
T	78	W
T	78	Y
P	79	A
P	79	C
P	79	D
P	79	E
P	79	F
P	79	G
P	79	H
P	79	I
P	79	K
P	79	L
P	79	M
P	79	N
P	79	P
P	79	Q
P	79	R
P	79	S
P	79	T
P	79	V
P	79	W
P	79	Y
S	80	A
S	80	C
S	80	D
S	80	E
S	80	F
S	80	G
S	80	H
S	80	I
S	80	K
S	80	L
S	80	M
S	80	N
S	80	P
S	80	Q
S	80	R
S	80	S
S	80	T
S	80	V
S	80	W
S	80	Y
E	81	A
E	81	C
E	81	D
E	81	E
E	81	F
E	81	G
E	81	H
E	81	I
E	81	K
E	81	L
E	81	M
E	81	N
E	81	P
E	81	Q
E	81	R
E	81	S
E	81	T
E	81	V
E	81	W
E	81	Y
K	82	A
K	82	C
K	82	D
K	82	E
K	82	F
K	82	G
K	82	H
K	82	I
K	82	K
K	82	L
K	82	M
K	82	N
K	82	P
K	82	Q
K	82	R
K	82	S
K	82	T
K	82	V
K	82	W
K	82	Y
S	83	A
S	83	C
S	83	D
S	83	E
S	83	F
S	83	G
S	83	H
S	83	I
S	83	K
S	83	L
S	83	M
S	83	N
S	83	P
S	83	Q
S	83	R
S	83	S
S	83	T
S	83	V
S	83	W
S	83	Y
V	84	A
V	84	C
V	84	D
V	84	E
V	84	F
V	84	G
V	84	H
V	84	I
V	84	K
V	84	L
V	84	M
V	84	N
V	84	P
V	84	Q
V	84	R
V	84	S
V	84	T
V	84	V
V	84	W
V	84	Y
H	85	A
H	85	C
H	85	D
H	85	E
H	85	F
H	85	G
H	85	H
H	85	I
H	85	K
H	85	L
H	85	M
H	85	N
H	85	P
H	85	Q
H	85	R
H	85	S
H	85	T
H	85	V
H	85	W
H	85	Y
S	86	A
S	86	C
S	86	D
S	86	E
S	86	F
S	86	G
S	86	H
S	86	I
S	86	K
S	86	L
S	86	M
S	86	N
S	86	P
S	86	Q
S	86	R
S	86	S
S	86	T
S	86	V
S	86	W
S	86	Y
L	87	A
L	87	C
L	87	D
L	87	E
L	87	F
L	87	G
L	87	H
L	87	I
L	87	K
L	87	L
L	87	M
L	87	N
L	87	P
L	87	Q
L	87	R
L	87	S
L	87	T
L	87	V
L	87	W
L	87	Y
I	88	A
I	88	C
I	88	D
I	88	E
I	88	F
I	88	G
I	88	H
I	88	I
I	88	K
I	88	L
I	88	M
I	88	N
I	88	P
I	88	Q
I	88	R
I	88	S
I	88	T
I	88	V
I	88	W
I	88	Y
S	89	A
S	89	C
S	89	D
S	89	E
S	89	F
S	89	G
S	89	H
S	89	I
S	89	K
S	89	L
S	89	M
S	89	N
S	89	P
S	89	Q
S	89	R
S	89	S
S	89	T
S	89	V
S	89	W
S	89	Y
D	90	A
D	90	C
D	90	D
D	90	E
D	90	F
D	90	G
D	90	H
D	90	I
D	90	K
D	90	L
D	90	M
D	90	N
D	90	P
D	90	Q
D	90	R
D	90	S
D	90	T
D	90	V
D	90	W
D	90	Y
F	91	A
F	91	C
F	91	D
F	91	E
F	91	F
F	91	G
F	91	H
F	91	I
F	91	K
F	91	L
F	91	M
F	91	N
F	91	P
F	91	Q
F	91	R
F	91	S
F	91	T
F	91	V
F	91	W
F	91	Y
K	92	A
K	92	C
K	92	D
K	92	E
K	92	F
K	92	G
K	92	H
K	92	I
K	92	K
K	92	L
K	92	M
K	92	N
K	92	P
K	92	Q
K	92	R
K	92	S
K	92	T
K	92	V
K	92	W
K	92	Y
D	93	A
D	93	C
D	93	D
D	93	E
D	93	F
D	93	G
D	93	H
D	93	I
D	93	K
D	93	L
D	93	M
D	93	N
D	93	P
D	93	Q
D	93	R
D	93	S
D	93	T
D	93	V
D	93	W
D	93	Y
P	94	A
P	94	C
P	94	D
P	94	E
P	94	F
P	94	G
P	94	H
P	94	I
P	94	K
P	94	L
P	94	M
P	94	N
P	94	P
P	94	Q
P	94	R
P	94	S
P	94	T
P	94	V
P	94	W
P	94	Y
P	95	A
P	95	C
P	95	D
P	95	E
P	95	F
P	95	G
P	95	H
P	95	I
P	95	K
P	95	L
P	95	M
P	95	N
P	95	P
P	95	Q
P	95	R
P	95	S
P	95	T
P	95	V
P	95	W
P	95	Y
T	96	A
T	96	C
T	96	D
T	96	E
T	96	F
T	96	G
T	96	H
T	96	I
T	96	K
T	96	L
T	96	M
T	96	N
T	96	P
T	96	Q
T	96	R
T	96	S
T	96	T
T	96	V
T	96	W
T	96	Y
A	97	A
A	97	C
A	97	D
A	97	E
A	97	F
A	97	G
A	97	H
A	97	I
A	97	K
A	97	L
A	97	M
A	97	N
A	97	P
A	97	Q
A	97	R
A	97	S
A	97	T
A	97	V
A	97	W
A	97	Y
K	98	A
K	98	C
K	98	D
K	98	E
K	98	F
K	98	G
K	98	H
K	98	I
K	98	K
K	98	L
K	98	M
K	98	N
K	98	P
K	98	Q
K	98	R
K	98	S
K	98	T
K	98	V
K	98	W
K	98	Y
Y	99	A
Y	99	C
Y	99	D
Y	99	E
Y	99	F
Y	99	G
Y	99	H
Y	99	I
Y	99	K
Y	99	L
Y	99	M
Y	99	N
Y	99	P
Y	99	Q
Y	99	R
Y	99	S
Y	99	T
Y	99	V
Y	99	W
Y	99	Y
R	100	A
R	100	C
R	100	D
R	100	E
R	100	F
R	100	G
R	100	H
R	100	I
R	100	K
R	100	L
R	100	M
R	100	N
R	100	P
R	100	Q
R	100	R
R	100	S
R	100	T
R	100	V
R	100	W
R	100	Y
A	101	A
A	101	C
A	101	D
A	101	E
A	101	F
A	101	G
A	101	H
A	101	I
A	101	K
A	101	L
A	101	M
A	101	N
A	101	P
A	101	Q
A	101	R
A	101	S
A	101	T
A	101	V
A	101	W
A	101	Y
A	102	A
A	102	C
A	102	D
A	102	E
A	102	F
A	102	G
A	102	H
A	102	I
A	102	K
A	102	L
A	102	M
A	102	N
A	102	P
A	102	Q
A	102	R
A	102	S
A	102	T
A	102	V
A	102	W
A	102	Y
H	103	A
H	103	C
H	103	D
H	103	E
H	103	F
H	103	G
H	103	H
H	103	I
H	103	K
H	103	L
H	103	M
H	103	N
H	103	P
H	103	Q
H	103	R
H	103	S
H	103	T
H	103	V
H	103	W
H	103	Y
V	104	A
V	104	C
V	104	D
V	104	E
V	104	F
V	104	G
V	104	H
V	104	I
V	104	K
V	104	L
V	104	M
V	104	N
V	104	P
V	104	Q
V	104	R
V	104	S
V	104	T
V	104	V
V	104	W
V	104	Y
F	105	A
F	105	C
F	105	D
F	105	E
F	105	F
F	105	G
F	105	H
F	105	I
F	105	K
F	105	L
F	105	M
F	105	N
F	105	P
F	105	Q
F	105	R
F	105	S
F	105	T
F	105	V
F	105	W
F	105	Y
F	106	A
F	106	C
F	106	D
F	106	E
F	106	F
F	106	G
F	106	H
F	106	I
F	106	K
F	106	L
F	106	M
F	106	N
F	106	P
F	106	Q
F	106	R
F	106	S
F	106	T
F	106	V
F	106	W
F	106	Y
T	107	A
T	107	C
T	107	D
T	107	E
T	107	F
T	107	G
T	107	H
T	107	I
T	107	K
T	107	L
T	107	M
T	107	N
T	107	P
T	107	Q
T	107	R
T	107	S
T	107	T
T	107	V
T	107	W
T	107	Y
D	108	A
D	108	C
D	108	D
D	108	E
D	108	F
D	108	G
D	108	H
D	108	I
D	108	K
D	108	L
D	108	M
D	108	N
D	108	P
D	108	Q
D	108	R
D	108	S
D	108	T
D	108	V
D	108	W
D	108	Y
S	109	A
S	109	C
S	109	D
S	109	E
S	109	F
S	109	G
S	109	H
S	109	I
S	109	K
S	109	L
S	109	M
S	109	N
S	109	P
S	109	Q
S	109	R
S	109	S
S	109	T
S	109	V
S	109	W
S	109	Y
C	110	A
C	110	C
C	110	D
C	110	E
C	110	F
C	110	G
C	110	H
C	110	I
C	110	K
C	110	L
C	110	M
C	110	N
C	110	P
C	110	Q
C	110	R
C	110	S
C	110	T
C	110	V
C	110	W
C	110	Y
P	111	A
P	111	C
P	111	D
P	111	E
P	111	F
P	111	G
P	111	H
P	111	I
P	111	K
P	111	L
P	111	M
P	111	N
P	111	P
P	111	Q
P	111	R
P	111	S
P	111	T
P	111	V
P	111	W
P	111	Y
D	112	A
D	112	C
D	112	D
D	112	E
D	112	F
D	112	G
D	112	H
D	112	I
D	112	K
D	112	L
D	112	M
D	112	N
D	112	P
D	112	Q
D	112	R
D	112	S
D	112	T
D	112	V
D	112	W
D	112	Y
A	113	A
A	113	C
A	113	D
A	113	E
A	113	F
A	113	G
A	113	H
A	113	I
A	113	K
A	113	L
A	113	M
A	113	N
A	113	P
A	113	Q
A	113	R
A	113	S
A	113	T
A	113	V
A	113	W
A	113	Y
L	114	A
L	114	C
L	114	D
L	114	E
L	114	F
L	114	G
L	114	H
L	114	I
L	114	K
L	114	L
L	114	M
L	114	N
L	114	P
L	114	Q
L	114	R
L	114	S
L	114	T
L	114	V
L	114	W
L	114	Y
F	115	A
F	115	C
F	115	D
F	115	E
F	115	F
F	115	G
F	115	H
F	115	I
F	115	K
F	115	L
F	115	M
F	115	N
F	115	P
F	115	Q
F	115	R
F	115	S
F	115	T
F	115	V
F	115	W
F	115	Y
N	116	A
N	116	C
N	116	D
N	116	E
N	116	F
N	116	G
N	116	H
N	116	I
N	116	K
N	116	L
N	116	M
N	116	N
N	116	P
N	116	Q
N	116	R
N	116	S
N	116	T
N	116	V
N	116	W
N	116	Y
E	117	A
E	117	C
E	117	D
E	117	E
E	117	F
E	117	G
E	117	H
E	117	I
E	117	K
E	117	L
E	117	M
E	117	N
E	117	P
E	117	Q
E	117	R
E	117	S
E	117	T
E	117	V
E	117	W
E	117	Y
L	118	A
L	118	C
L	118	D
L	118	E
L	118	F
L	118	G
L	118	H
L	118	I
L	118	K
L	118	L
L	118	M
L	118	N
L	118	P
L	118	Q
L	118	R
L	118	S
L	118	T
L	118	V
L	118	W
L	118	Y
V	119	A
V	119	C
V	119	D
V	119	E
V	119	F
V	119	G
V	119	H
V	119	I
V	119	K
V	119	L
V	119	M
V	119	N
V	119	P
V	119	Q
V	119	R
V	119	S
V	119	T
V	119	V
V	119	W
V	119	Y
K	120	A
K	120	C
K	120	D
K	120	E
K	120	F
K	120	G
K	120	H
K	120	I
K	120	K
K	120	L
K	120	M
K	120	N
K	120	P
K	120	Q
K	120	R
K	120	S
K	120	T
K	120	V
K	120	W
K	120	Y
S	121	A
S	121	C
S	121	D
S	121	E
S	121	F
S	121	G
S	121	H
S	121	I
S	121	K
S	121	L
S	121	M
S	121	N
S	121	P
S	121	Q
S	121	R
S	121	S
S	121	T
S	121	V
S	121	W
S	121	Y
R	122	A
R	122	C
R	122	D
R	122	E
R	122	F
R	122	G
R	122	H
R	122	I
R	122	K
R	122	L
R	122	M
R	122	N
R	122	P
R	122	Q
R	122	R
R	122	S
R	122	T
R	122	V
R	122	W
R	122	Y
A	123	A
A	123	C
A	123	D
A	123	E
A	123	F
A	123	G
A	123	H
A	123	I
A	123	K
A	123	L
A	123	M
A	123	N
A	123	P
A	123	Q
A	123	R
A	123	S
A	123	T
A	123	V
A	123	W
A	123	Y
A	124	A
A	124	C
A	124	D
A	124	E
A	124	F
A	124	G
A	124	H
A	124	I
A	124	K
A	124	L
A	124	M
A	124	N
A	124	P
A	124	Q
A	124	R
A	124	S
A	124	T
A	124	V
A	124	W
A	124	Y
K	125	A
K	125	C
K	125	D
K	125	E
K	125	F
K	125	G
K	125	H
K	125	I
K	125	K
K	125	L
K	125	M
K	125	N
K	125	P
K	125	Q
K	125	R
K	125	S
K	125	T
K	125	V
K	125	W
K	125	Y
V	126	A
V	126	C
V	126	D
V	126	E
V	126	F
V	126	G
V	126	H
V	126	I
V	126	K
V	126	L
V	126	M
V	126	N
V	126	P
V	126	Q
V	126	R
V	126	S
V	126	T
V	126	V
V	126	W
V	126	Y
I	127	A
I	127	C
I	127	D
I	127	E
I	127	F
I	127	G
I	127	H
I	127	I
I	127	K
I	127	L
I	127	M
I	127	N
I	127	P
I	127	Q
I	127	R
I	127	S
I	127	T
I	127	V
I	127	W
I	127	Y
K	128	A
K	128	C
K	128	D
K	128	E
K	128	F
K	128	G
K	128	H
K	128	I
K	128	K
K	128	L
K	128	M
K	128	N
K	128	P
K	128	Q
K	128	R
K	128	S
K	128	T
K	128	V
K	128	W
K	128	Y
T	129	A
T	129	C
T	129	D
T	129	E
T	129	F
T	129	G
T	129	H
T	129	I
T	129	K
T	129	L
T	129	M
T	129	N
T	129	P
T	129	Q
T	129	R
T	129	S
T	129	T
T	129	V
T	129	W
T	129	Y
L	130	A
L	130	C
L	130	D
L	130	E
L	130	F
L	130	G
L	130	H
L	130	I
L	130	K
L	130	L
L	130	M
L	130	N
L	130	P
L	130	Q
L	130	R
L	130	S
L	130	T
L	130	V
L	130	W
L	130	Y
T	131	A
T	131	C
T	131	D
T	131	E
T	131	F
T	131	G
T	131	H
T	131	I
T	131	K
T	131	L
T	131	M
T	131	N
T	131	P
T	131	Q
T	131	R
T	131	S
T	131	T
T	131	V
T	131	W
T	131	Y
E	132	A
E	132	C
E	132	D
E	132	E
E	132	F
E	132	G
E	132	H
E	132	I
E	132	K
E	132	L
E	132	M
E	132	N
E	132	P
E	132	Q
E	132	R
E	132	S
E	132	T
E	132	V
E	132	W
E	132	Y
I	133	A
I	133	C
I	133	D
I	133	E
I	133	F
I	133	G
I	133	H
I	133	I
I	133	K
I	133	L
I	133	M
I	133	N
I	133	P
I	133	Q
I	133	R
I	133	S
I	133	T
I	133	V
I	133	W
I	133	Y
N	134	A
N	134	C
N	134	D
N	134	E
N	134	F
N	134	G
N	134	H
N	134	I
N	134	K
N	134	L
N	134	M
N	134	N
N	134	P
N	134	Q
N	134	R
N	134	S
N	134	T
N	134	V
N	134	W
N	134	Y
I	135	A
I	135	C
I	135	D
I	135	E
I	135	F
I	135	G
I	135	H
I	135	I
I	135	K
I	135	L
I	135	M
I	135	N
I	135	P
I	135	Q
I	135	R
I	135	S
I	135	T
I	135	V
I	135	W
I	135	Y
A	136	A
A	136	C
A	136	D
A	136	E
A	136	F
A	136	G
A	136	H
A	136	I
A	136	K
A	136	L
A	136	M
A	136	N
A	136	P
A	136	Q
A	136	R
A	136	S
A	136	T
A	136	V
A	136	W
A	136	Y
F	137	A
F	137	C
F	137	D
F	137	E
F	137	F
F	137	G
F	137	H
F	137	I
F	137	K
F	137	L
F	137	M
F	137	N
F	137	P
F	137	Q
F	137	R
F	137	S
F	137	T
F	137	V
F	137	W
F	137	Y
L	138	A
L	138	C
L	138	D
L	138	E
L	138	F
L	138	G
L	138	H
L	138	I
L	138	K
L	138	L
L	138	M
L	138	N
L	138	P
L	138	Q
L	138	R
L	138	S
L	138	T
L	138	V
L	138	W
L	138	Y
P	139	A
P	139	C
P	139	D
P	139	E
P	139	F
P	139	G
P	139	H
P	139	I
P	139	K
P	139	L
P	139	M
P	139	N
P	139	P
P	139	Q
P	139	R
P	139	S
P	139	T
P	139	V
P	139	W
P	139	Y
Y	140	A
Y	140	C
Y	140	D
Y	140	E
Y	140	F
Y	140	G
Y	140	H
Y	140	I
Y	140	K
Y	140	L
Y	140	M
Y	140	N
Y	140	P
Y	140	Q
Y	140	R
Y	140	S
Y	140	T
Y	140	V
Y	140	W
Y	140	Y
E	141	A
E	141	C
E	141	D
E	141	E
E	141	F
E	141	G
E	141	H
E	141	I
E	141	K
E	141	L
E	141	M
E	141	N
E	141	P
E	141	Q
E	141	R
E	141	S
E	141	T
E	141	V
E	141	W
E	141	Y
S	142	A
S	142	C
S	142	D
S	142	E
S	142	F
S	142	G
S	142	H
S	142	I
S	142	K
S	142	L
S	142	M
S	142	N
S	142	P
S	142	Q
S	142	R
S	142	S
S	142	T
S	142	V
S	142	W
S	142	Y
Q	143	A
Q	143	C
Q	143	D
Q	143	E
Q	143	F
Q	143	G
Q	143	H
Q	143	I
Q	143	K
Q	143	L
Q	143	M
Q	143	N
Q	143	P
Q	143	Q
Q	143	R
Q	143	S
Q	143	T
Q	143	V
Q	143	W
Q	143	Y
V	144	A
V	144	C
V	144	D
V	144	E
V	144	F
V	144	G
V	144	H
V	144	I
V	144	K
V	144	L
V	144	M
V	144	N
V	144	P
V	144	Q
V	144	R
V	144	S
V	144	T
V	144	V
V	144	W
V	144	Y
Y	145	A
Y	145	C
Y	145	D
Y	145	E
Y	145	F
Y	145	G
Y	145	H
Y	145	I
Y	145	K
Y	145	L
Y	145	M
Y	145	N
Y	145	P
Y	145	Q
Y	145	R
Y	145	S
Y	145	T
Y	145	V
Y	145	W
Y	145	Y
S	146	A
S	146	C
S	146	D
S	146	E
S	146	F
S	146	G
S	146	H
S	146	I
S	146	K
S	146	L
S	146	M
S	146	N
S	146	P
S	146	Q
S	146	R
S	146	S
S	146	T
S	146	V
S	146	W
S	146	Y
L	147	A
L	147	C
L	147	D
L	147	E
L	147	F
L	147	G
L	147	H
L	147	I
L	147	K
L	147	L
L	147	M
L	147	N
L	147	P
L	147	Q
L	147	R
L	147	S
L	147	T
L	147	V
L	147	W
L	147	Y
D	148	A
D	148	C
D	148	D
D	148	E
D	148	F
D	148	G
D	148	H
D	148	I
D	148	K
D	148	L
D	148	M
D	148	N
D	148	P
D	148	Q
D	148	R
D	148	S
D	148	T
D	148	V
D	148	W
D	148	Y
S	149	A
S	149	C
S	149	D
S	149	E
S	149	F
S	149	G
S	149	H
S	149	I
S	149	K
S	149	L
S	149	M
S	149	N
S	149	P
S	149	Q
S	149	R
S	149	S
S	149	T
S	149	V
S	149	W
S	149	Y
A	150	A
A	150	C
A	150	D
A	150	E
A	150	F
A	150	G
A	150	H
A	150	I
A	150	K
A	150	L
A	150	M
A	150	N
A	150	P
A	150	Q
A	150	R
A	150	S
A	150	T
A	150	V
A	150	W
A	150	Y
D	151	A
D	151	C
D	151	D
D	151	E
D	151	F
D	151	G
D	151	H
D	151	I
D	151	K
D	151	L
D	151	M
D	151	N
D	151	P
D	151	Q
D	151	R
D	151	S
D	151	T
D	151	V
D	151	W
D	151	Y
S	152	A
S	152	C
S	152	D
S	152	E
S	152	F
S	152	G
S	152	H
S	152	I
S	152	K
S	152	L
S	152	M
S	152	N
S	152	P
S	152	Q
S	152	R
S	152	S
S	152	T
S	152	V
S	152	W
S	152	Y
F	153	A
F	153	C
F	153	D
F	153	E
F	153	F
F	153	G
F	153	H
F	153	I
F	153	K
F	153	L
F	153	M
F	153	N
F	153	P
F	153	Q
F	153	R
F	153	S
F	153	T
F	153	V
F	153	W
F	153	Y
Q	154	A
Q	154	C
Q	154	D
Q	154	E
Q	154	F
Q	154	G
Q	154	H
Q	154	I
Q	154	K
Q	154	L
Q	154	M
Q	154	N
Q	154	P
Q	154	Q
Q	154	R
Q	154	S
Q	154	T
Q	154	V
Q	154	W
Q	154	Y
S	155	A
S	155	C
S	155	D
S	155	E
S	155	F
S	155	G
S	155	H
S	155	I
S	155	K
S	155	L
S	155	M
S	155	N
S	155	P
S	155	Q
S	155	R
S	155	S
S	155	T
S	155	V
S	155	W
S	155	Y
F	156	A
F	156	C
F	156	D
F	156	E
F	156	F
F	156	G
F	156	H
F	156	I
F	156	K
F	156	L
F	156	M
F	156	N
F	156	P
F	156	Q
F	156	R
F	156	S
F	156	T
F	156	V
F	156	W
F	156	Y
Y	157	A
Y	157	C
Y	157	D
Y	157	E
Y	157	F
Y	157	G
Y	157	H
Y	157	I
Y	157	K
Y	157	L
Y	157	M
Y	157	N
Y	157	P
Y	157	Q
Y	157	R
Y	157	S
Y	157	T
Y	157	V
Y	157	W
Y	157	Y
S	158	A
S	158	C
S	158	D
S	158	E
S	158	F
S	158	G
S	158	H
S	158	I
S	158	K
S	158	L
S	158	M
S	158	N
S	158	P
S	158	Q
S	158	R
S	158	S
S	158	T
S	158	V
S	158	W
S	158	Y
P	159	A
P	159	C
P	159	D
P	159	E
P	159	F
P	159	G
P	159	H
P	159	I
P	159	K
P	159	L
P	159	M
P	159	N
P	159	P
P	159	Q
P	159	R
P	159	S
P	159	T
P	159	V
P	159	W
P	159	Y
H	160	A
H	160	C
H	160	D
H	160	E
H	160	F
H	160	G
H	160	H
H	160	I
H	160	K
H	160	L
H	160	M
H	160	N
H	160	P
H	160	Q
H	160	R
H	160	S
H	160	T
H	160	V
H	160	W
H	160	Y
K	161	A
K	161	C
K	161	D
K	161	E
K	161	F
K	161	G
K	161	H
K	161	I
K	161	K
K	161	L
K	161	M
K	161	N
K	161	P
K	161	Q
K	161	R
K	161	S
K	161	T
K	161	V
K	161	W
K	161	Y
A	162	A
A	162	C
A	162	D
A	162	E
A	162	F
A	162	G
A	162	H
A	162	I
A	162	K
A	162	L
A	162	M
A	162	N
A	162	P
A	162	Q
A	162	R
A	162	S
A	162	T
A	162	V
A	162	W
A	162	Y
Q	163	A
Q	163	C
Q	163	D
Q	163	E
Q	163	F
Q	163	G
Q	163	H
Q	163	I
Q	163	K
Q	163	L
Q	163	M
Q	163	N
Q	163	P
Q	163	Q
Q	163	R
Q	163	S
Q	163	T
Q	163	V
Q	163	W
Q	163	Y
M	164	A
M	164	C
M	164	D
M	164	E
M	164	F
M	164	G
M	164	H
M	164	I
M	164	K
M	164	L
M	164	M
M	164	N
M	164	P
M	164	Q
M	164	R
M	164	S
M	164	T
M	164	V
M	164	W
M	164	Y
K	165	A
K	165	C
K	165	D
K	165	E
K	165	F
K	165	G
K	165	H
K	165	I
K	165	K
K	165	L
K	165	M
K	165	N
K	165	P
K	165	Q
K	165	R
K	165	S
K	165	T
K	165	V
K	165	W
K	165	Y
N	166	A
N	166	C
N	166	D
N	166	E
N	166	F
N	166	G
N	166	H
N	166	I
N	166	K
N	166	L
N	166	M
N	166	N
N	166	P
N	166	Q
N	166	R
N	166	S
N	166	T
N	166	V
N	166	W
N	166	Y
P	167	A
P	167	C
P	167	D
P	167	E
P	167	F
P	167	G
P	167	H
P	167	I
P	167	K
P	167	L
P	167	M
P	167	N
P	167	P
P	167	Q
P	167	R
P	167	S
P	167	T
P	167	V
P	167	W
P	167	Y
I	168	A
I	168	C
I	168	D
I	168	E
I	168	F
I	168	G
I	168	H
I	168	I
I	168	K
I	168	L
I	168	M
I	168	N
I	168	P
I	168	Q
I	168	R
I	168	S
I	168	T
I	168	V
I	168	W
I	168	Y
L	169	A
L	169	C
L	169	D
L	169	E
L	169	F
L	169	G
L	169	H
L	169	I
L	169	K
L	169	L
L	169	M
L	169	N
L	169	P
L	169	Q
L	169	R
L	169	S
L	169	T
L	169	V
L	169	W
L	169	Y
E	170	A
E	170	C
E	170	D
E	170	E
E	170	F
E	170	G
E	170	H
E	170	I
E	170	K
E	170	L
E	170	M
E	170	N
E	170	P
E	170	Q
E	170	R
E	170	S
E	170	T
E	170	V
E	170	W
E	170	Y
R	171	A
R	171	C
R	171	D
R	171	E
R	171	F
R	171	G
R	171	H
R	171	I
R	171	K
R	171	L
R	171	M
R	171	N
R	171	P
R	171	Q
R	171	R
R	171	S
R	171	T
R	171	V
R	171	W
R	171	Y
L	172	A
L	172	C
L	172	D
L	172	E
L	172	F
L	172	G
L	172	H
L	172	I
L	172	K
L	172	L
L	172	M
L	172	N
L	172	P
L	172	Q
L	172	R
L	172	S
L	172	T
L	172	V
L	172	W
L	172	Y
A	173	A
A	173	C
A	173	D
A	173	E
A	173	F
A	173	G
A	173	H
A	173	I
A	173	K
A	173	L
A	173	M
A	173	N
A	173	P
A	173	Q
A	173	R
A	173	S
A	173	T
A	173	V
A	173	W
A	173	Y
E	174	A
E	174	C
E	174	D
E	174	E
E	174	F
E	174	G
E	174	H
E	174	I
E	174	K
E	174	L
E	174	M
E	174	N
E	174	P
E	174	Q
E	174	R
E	174	S
E	174	T
E	174	V
E	174	W
E	174	Y
Q	175	A
Q	175	C
Q	175	D
Q	175	E
Q	175	F
Q	175	G
Q	175	H
Q	175	I
Q	175	K
Q	175	L
Q	175	M
Q	175	N
Q	175	P
Q	175	Q
Q	175	R
Q	175	S
Q	175	T
Q	175	V
Q	175	W
Q	175	Y
I	176	A
I	176	C
I	176	D
I	176	E
I	176	F
I	176	G
I	176	H
I	176	I
I	176	K
I	176	L
I	176	M
I	176	N
I	176	P
I	176	Q
I	176	R
I	176	S
I	176	T
I	176	V
I	176	W
I	176	Y
A	177	A
A	177	C
A	177	D
A	177	E
A	177	F
A	177	G
A	177	H
A	177	I
A	177	K
A	177	L
A	177	M
A	177	N
A	177	P
A	177	Q
A	177	R
A	177	S
A	177	T
A	177	V
A	177	W
A	177	Y
T	178	A
T	178	C
T	178	D
T	178	E
T	178	F
T	178	G
T	178	H
T	178	I
T	178	K
T	178	L
T	178	M
T	178	N
T	178	P
T	178	Q
T	178	R
T	178	S
T	178	T
T	178	V
T	178	W
T	178	Y
L	179	A
L	179	C
L	179	D
L	179	E
L	179	F
L	179	G
L	179	H
L	179	I
L	179	K
L	179	L
L	179	M
L	179	N
L	179	P
L	179	Q
L	179	R
L	179	S
L	179	T
L	179	V
L	179	W
L	179	Y
C	180	A
C	180	C
C	180	D
C	180	E
C	180	F
C	180	G
C	180	H
C	180	I
C	180	K
C	180	L
C	180	M
C	180	N
C	180	P
C	180	Q
C	180	R
C	180	S
C	180	T
C	180	V
C	180	W
C	180	Y
A	181	A
A	181	C
A	181	D
A	181	E
A	181	F
A	181	G
A	181	H
A	181	I
A	181	K
A	181	L
A	181	M
A	181	N
A	181	P
A	181	Q
A	181	R
A	181	S
A	181	T
A	181	V
A	181	W
A	181	Y
T	182	A
T	182	C
T	182	D
T	182	E
T	182	F
T	182	G
T	182	H
T	182	I
T	182	K
T	182	L
T	182	M
T	182	N
T	182	P
T	182	Q
T	182	R
T	182	S
T	182	T
T	182	V
T	182	W
T	182	Y
L	183	A
L	183	C
L	183	D
L	183	E
L	183	F
L	183	G
L	183	H
L	183	I
L	183	K
L	183	L
L	183	M
L	183	N
L	183	P
L	183	Q
L	183	R
L	183	S
L	183	T
L	183	V
L	183	W
L	183	Y
K	184	A
K	184	C
K	184	D
K	184	E
K	184	F
K	184	G
K	184	H
K	184	I
K	184	K
K	184	L
K	184	M
K	184	N
K	184	P
K	184	Q
K	184	R
K	184	S
K	184	T
K	184	V
K	184	W
K	184	Y
E	185	A
E	185	C
E	185	D
E	185	E
E	185	F
E	185	G
E	185	H
E	185	I
E	185	K
E	185	L
E	185	M
E	185	N
E	185	P
E	185	Q
E	185	R
E	185	S
E	185	T
E	185	V
E	185	W
E	185	Y
Y	186	A
Y	186	C
Y	186	D
Y	186	E
Y	186	F
Y	186	G
Y	186	H
Y	186	I
Y	186	K
Y	186	L
Y	186	M
Y	186	N
Y	186	P
Y	186	Q
Y	186	R
Y	186	S
Y	186	T
Y	186	V
Y	186	W
Y	186	Y
P	187	A
P	187	C
P	187	D
P	187	E
P	187	F
P	187	G
P	187	H
P	187	I
P	187	K
P	187	L
P	187	M
P	187	N
P	187	P
P	187	Q
P	187	R
P	187	S
P	187	T
P	187	V
P	187	W
P	187	Y
A	188	A
A	188	C
A	188	D
A	188	E
A	188	F
A	188	G
A	188	H
A	188	I
A	188	K
A	188	L
A	188	M
A	188	N
A	188	P
A	188	Q
A	188	R
A	188	S
A	188	T
A	188	V
A	188	W
A	188	Y
V	189	A
V	189	C
V	189	D
V	189	E
V	189	F
V	189	G
V	189	H
V	189	I
V	189	K
V	189	L
V	189	M
V	189	N
V	189	P
V	189	Q
V	189	R
V	189	S
V	189	T
V	189	V
V	189	W
V	189	Y
R	190	A
R	190	C
R	190	D
R	190	E
R	190	F
R	190	G
R	190	H
R	190	I
R	190	K
R	190	L
R	190	M
R	190	N
R	190	P
R	190	Q
R	190	R
R	190	S
R	190	T
R	190	V
R	190	W
R	190	Y
Y	191	A
Y	191	C
Y	191	D
Y	191	E
Y	191	F
Y	191	G
Y	191	H
Y	191	I
Y	191	K
Y	191	L
Y	191	M
Y	191	N
Y	191	P
Y	191	Q
Y	191	R
Y	191	S
Y	191	T
Y	191	V
Y	191	W
Y	191	Y
R	192	A
R	192	C
R	192	D
R	192	E
R	192	F
R	192	G
R	192	H
R	192	I
R	192	K
R	192	L
R	192	M
R	192	N
R	192	P
R	192	Q
R	192	R
R	192	S
R	192	T
R	192	V
R	192	W
R	192	Y
G	193	A
G	193	C
G	193	D
G	193	E
G	193	F
G	193	G
G	193	H
G	193	I
G	193	K
G	193	L
G	193	M
G	193	N
G	193	P
G	193	Q
G	193	R
G	193	S
G	193	T
G	193	V
G	193	W
G	193	Y
E	194	A
E	194	C
E	194	D
E	194	E
E	194	F
E	194	G
E	194	H
E	194	I
E	194	K
E	194	L
E	194	M
E	194	N
E	194	P
E	194	Q
E	194	R
E	194	S
E	194	T
E	194	V
E	194	W
E	194	Y
Y	195	A
Y	195	C
Y	195	D
Y	195	E
Y	195	F
Y	195	G
Y	195	H
Y	195	I
Y	195	K
Y	195	L
Y	195	M
Y	195	N
Y	195	P
Y	195	Q
Y	195	R
Y	195	S
Y	195	T
Y	195	V
Y	195	W
Y	195	Y
K	196	A
K	196	C
K	196	D
K	196	E
K	196	F
K	196	G
K	196	H
K	196	I
K	196	K
K	196	L
K	196	M
K	196	N
K	196	P
K	196	Q
K	196	R
K	196	S
K	196	T
K	196	V
K	196	W
K	196	Y
D	197	A
D	197	C
D	197	D
D	197	E
D	197	F
D	197	G
D	197	H
D	197	I
D	197	K
D	197	L
D	197	M
D	197	N
D	197	P
D	197	Q
D	197	R
D	197	S
D	197	T
D	197	V
D	197	W
D	197	Y
N	198	A
N	198	C
N	198	D
N	198	E
N	198	F
N	198	G
N	198	H
N	198	I
N	198	K
N	198	L
N	198	M
N	198	N
N	198	P
N	198	Q
N	198	R
N	198	S
N	198	T
N	198	V
N	198	W
N	198	Y
A	199	A
A	199	C
A	199	D
A	199	E
A	199	F
A	199	G
A	199	H
A	199	I
A	199	K
A	199	L
A	199	M
A	199	N
A	199	P
A	199	Q
A	199	R
A	199	S
A	199	T
A	199	V
A	199	W
A	199	Y
L	200	A
L	200	C
L	200	D
L	200	E
L	200	F
L	200	G
L	200	H
L	200	I
L	200	K
L	200	L
L	200	M
L	200	N
L	200	P
L	200	Q
L	200	R
L	200	S
L	200	T
L	200	V
L	200	W
L	200	Y
L	201	A
L	201	C
L	201	D
L	201	E
L	201	F
L	201	G
L	201	H
L	201	I
L	201	K
L	201	L
L	201	M
L	201	N
L	201	P
L	201	Q
L	201	R
L	201	S
L	201	T
L	201	V
L	201	W
L	201	Y
A	202	A
A	202	C
A	202	D
A	202	E
A	202	F
A	202	G
A	202	H
A	202	I
A	202	K
A	202	L
A	202	M
A	202	N
A	202	P
A	202	Q
A	202	R
A	202	S
A	202	T
A	202	V
A	202	W
A	202	Y
Q	203	A
Q	203	C
Q	203	D
Q	203	E
Q	203	F
Q	203	G
Q	203	H
Q	203	I
Q	203	K
Q	203	L
Q	203	M
Q	203	N
Q	203	P
Q	203	Q
Q	203	R
Q	203	S
Q	203	T
Q	203	V
Q	203	W
Q	203	Y
L	204	A
L	204	C
L	204	D
L	204	E
L	204	F
L	204	G
L	204	H
L	204	I
L	204	K
L	204	L
L	204	M
L	204	N
L	204	P
L	204	Q
L	204	R
L	204	S
L	204	T
L	204	V
L	204	W
L	204	Y
I	205	A
I	205	C
I	205	D
I	205	E
I	205	F
I	205	G
I	205	H
I	205	I
I	205	K
I	205	L
I	205	M
I	205	N
I	205	P
I	205	Q
I	205	R
I	205	S
I	205	T
I	205	V
I	205	W
I	205	Y
Q	206	A
Q	206	C
Q	206	D
Q	206	E
Q	206	F
Q	206	G
Q	206	H
Q	206	I
Q	206	K
Q	206	L
Q	206	M
Q	206	N
Q	206	P
Q	206	Q
Q	206	R
Q	206	S
Q	206	T
Q	206	V
Q	206	W
Q	206	Y
D	207	A
D	207	C
D	207	D
D	207	E
D	207	F
D	207	G
D	207	H
D	207	I
D	207	K
D	207	L
D	207	M
D	207	N
D	207	P
D	207	Q
D	207	R
D	207	S
D	207	T
D	207	V
D	207	W
D	207	Y
K	208	A
K	208	C
K	208	D
K	208	E
K	208	F
K	208	G
K	208	H
K	208	I
K	208	K
K	208	L
K	208	M
K	208	N
K	208	P
K	208	Q
K	208	R
K	208	S
K	208	T
K	208	V
K	208	W
K	208	Y
L	209	A
L	209	C
L	209	D
L	209	E
L	209	F
L	209	G
L	209	H
L	209	I
L	209	K
L	209	L
L	209	M
L	209	N
L	209	P
L	209	Q
L	209	R
L	209	S
L	209	T
L	209	V
L	209	W
L	209	Y
D	210	A
D	210	C
D	210	D
D	210	E
D	210	F
D	210	G
D	210	H
D	210	I
D	210	K
D	210	L
D	210	M
D	210	N
D	210	P
D	210	Q
D	210	R
D	210	S
D	210	T
D	210	V
D	210	W
D	210	Y
A	211	A
A	211	C
A	211	D
A	211	E
A	211	F
A	211	G
A	211	H
A	211	I
A	211	K
A	211	L
A	211	M
A	211	N
A	211	P
A	211	Q
A	211	R
A	211	S
A	211	T
A	211	V
A	211	W
A	211	Y
Y	212	A
Y	212	C
Y	212	D
Y	212	E
Y	212	F
Y	212	G
Y	212	H
Y	212	I
Y	212	K
Y	212	L
Y	212	M
Y	212	N
Y	212	P
Y	212	Q
Y	212	R
Y	212	S
Y	212	T
Y	212	V
Y	212	W
Y	212	Y
K	213	A
K	213	C
K	213	D
K	213	E
K	213	F
K	213	G
K	213	H
K	213	I
K	213	K
K	213	L
K	213	M
K	213	N
K	213	P
K	213	Q
K	213	R
K	213	S
K	213	T
K	213	V
K	213	W
K	213	Y
A	214	A
A	214	C
A	214	D
A	214	E
A	214	F
A	214	G
A	214	H
A	214	I
A	214	K
A	214	L
A	214	M
A	214	N
A	214	P
A	214	Q
A	214	R
A	214	S
A	214	T
A	214	V
A	214	W
A	214	Y
D	215	A
D	215	C
D	215	D
D	215	E
D	215	F
D	215	G
D	215	H
D	215	I
D	215	K
D	215	L
D	215	M
D	215	N
D	215	P
D	215	Q
D	215	R
D	215	S
D	215	T
D	215	V
D	215	W
D	215	Y
D	216	A
D	216	C
D	216	D
D	216	E
D	216	F
D	216	G
D	216	H
D	216	I
D	216	K
D	216	L
D	216	M
D	216	N
D	216	P
D	216	Q
D	216	R
D	216	S
D	216	T
D	216	V
D	216	W
D	216	Y
P	217	A
P	217	C
P	217	D
P	217	E
P	217	F
P	217	G
P	217	H
P	217	I
P	217	K
P	217	L
P	217	M
P	217	N
P	217	P
P	217	Q
P	217	R
P	217	S
P	217	T
P	217	V
P	217	W
P	217	Y
T	218	A
T	218	C
T	218	D
T	218	E
T	218	F
T	218	G
T	218	H
T	218	I
T	218	K
T	218	L
T	218	M
T	218	N
T	218	P
T	218	Q
T	218	R
T	218	S
T	218	T
T	218	V
T	218	W
T	218	Y
M	219	A
M	219	C
M	219	D
M	219	E
M	219	F
M	219	G
M	219	H
M	219	I
M	219	K
M	219	L
M	219	M
M	219	N
M	219	P
M	219	Q
M	219	R
M	219	S
M	219	T
M	219	V
M	219	W
M	219	Y
G	220	A
G	220	C
G	220	D
G	220	E
G	220	F
G	220	G
G	220	H
G	220	I
G	220	K
G	220	L
G	220	M
G	220	N
G	220	P
G	220	Q
G	220	R
G	220	S
G	220	T
G	220	V
G	220	W
G	220	Y
E	221	A
E	221	C
E	221	D
E	221	E
E	221	F
E	221	G
E	221	H
E	221	I
E	221	K
E	221	L
E	221	M
E	221	N
E	221	P
E	221	Q
E	221	R
E	221	S
E	221	T
E	221	V
E	221	W
E	221	Y
G	222	A
G	222	C
G	222	D
G	222	E
G	222	F
G	222	G
G	222	H
G	222	I
G	222	K
G	222	L
G	222	M
G	222	N
G	222	P
G	222	Q
G	222	R
G	222	S
G	222	T
G	222	V
G	222	W
G	222	Y
P	223	A
P	223	C
P	223	D
P	223	E
P	223	F
P	223	G
P	223	H
P	223	I
P	223	K
P	223	L
P	223	M
P	223	N
P	223	P
P	223	Q
P	223	R
P	223	S
P	223	T
P	223	V
P	223	W
P	223	Y
D	224	A
D	224	C
D	224	D
D	224	E
D	224	F
D	224	G
D	224	H
D	224	I
D	224	K
D	224	L
D	224	M
D	224	N
D	224	P
D	224	Q
D	224	R
D	224	S
D	224	T
D	224	V
D	224	W
D	224	Y
K	225	A
K	225	C
K	225	D
K	225	E
K	225	F
K	225	G
K	225	H
K	225	I
K	225	K
K	225	L
K	225	M
K	225	N
K	225	P
K	225	Q
K	225	R
K	225	S
K	225	T
K	225	V
K	225	W
K	225	Y
A	226	A
A	226	C
A	226	D
A	226	E
A	226	F
A	226	G
A	226	H
A	226	I
A	226	K
A	226	L
A	226	M
A	226	N
A	226	P
A	226	Q
A	226	R
A	226	S
A	226	T
A	226	V
A	226	W
A	226	Y
R	227	A
R	227	C
R	227	D
R	227	E
R	227	F
R	227	G
R	227	H
R	227	I
R	227	K
R	227	L
R	227	M
R	227	N
R	227	P
R	227	Q
R	227	R
R	227	S
R	227	T
R	227	V
R	227	W
R	227	Y
S	228	A
S	228	C
S	228	D
S	228	E
S	228	F
S	228	G
S	228	H
S	228	I
S	228	K
S	228	L
S	228	M
S	228	N
S	228	P
S	228	Q
S	228	R
S	228	S
S	228	T
S	228	V
S	228	W
S	228	Y
Q	229	A
Q	229	C
Q	229	D
Q	229	E
Q	229	F
Q	229	G
Q	229	H
Q	229	I
Q	229	K
Q	229	L
Q	229	M
Q	229	N
Q	229	P
Q	229	Q
Q	229	R
Q	229	S
Q	229	T
Q	229	V
Q	229	W
Q	229	Y
L	230	A
L	230	C
L	230	D
L	230	E
L	230	F
L	230	G
L	230	H
L	230	I
L	230	K
L	230	L
L	230	M
L	230	N
L	230	P
L	230	Q
L	230	R
L	230	S
L	230	T
L	230	V
L	230	W
L	230	Y
L	231	A
L	231	C
L	231	D
L	231	E
L	231	F
L	231	G
L	231	H
L	231	I
L	231	K
L	231	L
L	231	M
L	231	N
L	231	P
L	231	Q
L	231	R
L	231	S
L	231	T
L	231	V
L	231	W
L	231	Y
I	232	A
I	232	C
I	232	D
I	232	E
I	232	F
I	232	G
I	232	H
I	232	I
I	232	K
I	232	L
I	232	M
I	232	N
I	232	P
I	232	Q
I	232	R
I	232	S
I	232	T
I	232	V
I	232	W
I	232	Y
L	233	A
L	233	C
L	233	D
L	233	E
L	233	F
L	233	G
L	233	H
L	233	I
L	233	K
L	233	L
L	233	M
L	233	N
L	233	P
L	233	Q
L	233	R
L	233	S
L	233	T
L	233	V
L	233	W
L	233	Y
D	234	A
D	234	C
D	234	D
D	234	E
D	234	F
D	234	G
D	234	H
D	234	I
D	234	K
D	234	L
D	234	M
D	234	N
D	234	P
D	234	Q
D	234	R
D	234	S
D	234	T
D	234	V
D	234	W
D	234	Y
R	235	A
R	235	C
R	235	D
R	235	E
R	235	F
R	235	G
R	235	H
R	235	I
R	235	K
R	235	L
R	235	M
R	235	N
R	235	P
R	235	Q
R	235	R
R	235	S
R	235	T
R	235	V
R	235	W
R	235	Y
G	236	A
G	236	C
G	236	D
G	236	E
G	236	F
G	236	G
G	236	H
G	236	I
G	236	K
G	236	L
G	236	M
G	236	N
G	236	P
G	236	Q
G	236	R
G	236	S
G	236	T
G	236	V
G	236	W
G	236	Y
F	237	A
F	237	C
F	237	D
F	237	E
F	237	F
F	237	G
F	237	H
F	237	I
F	237	K
F	237	L
F	237	M
F	237	N
F	237	P
F	237	Q
F	237	R
F	237	S
F	237	T
F	237	V
F	237	W
F	237	Y
D	238	A
D	238	C
D	238	D
D	238	E
D	238	F
D	238	G
D	238	H
D	238	I
D	238	K
D	238	L
D	238	M
D	238	N
D	238	P
D	238	Q
D	238	R
D	238	S
D	238	T
D	238	V
D	238	W
D	238	Y
P	239	A
P	239	C
P	239	D
P	239	E
P	239	F
P	239	G
P	239	H
P	239	I
P	239	K
P	239	L
P	239	M
P	239	N
P	239	P
P	239	Q
P	239	R
P	239	S
P	239	T
P	239	V
P	239	W
P	239	Y
S	240	A
S	240	C
S	240	D
S	240	E
S	240	F
S	240	G
S	240	H
S	240	I
S	240	K
S	240	L
S	240	M
S	240	N
S	240	P
S	240	Q
S	240	R
S	240	S
S	240	T
S	240	V
S	240	W
S	240	Y
S	241	A
S	241	C
S	241	D
S	241	E
S	241	F
S	241	G
S	241	H
S	241	I
S	241	K
S	241	L
S	241	M
S	241	N
S	241	P
S	241	Q
S	241	R
S	241	S
S	241	T
S	241	V
S	241	W
S	241	Y
P	242	A
P	242	C
P	242	D
P	242	E
P	242	F
P	242	G
P	242	H
P	242	I
P	242	K
P	242	L
P	242	M
P	242	N
P	242	P
P	242	Q
P	242	R
P	242	S
P	242	T
P	242	V
P	242	W
P	242	Y
V	243	A
V	243	C
V	243	D
V	243	E
V	243	F
V	243	G
V	243	H
V	243	I
V	243	K
V	243	L
V	243	M
V	243	N
V	243	P
V	243	Q
V	243	R
V	243	S
V	243	T
V	243	V
V	243	W
V	243	Y
L	244	A
L	244	C
L	244	D
L	244	E
L	244	F
L	244	G
L	244	H
L	244	I
L	244	K
L	244	L
L	244	M
L	244	N
L	244	P
L	244	Q
L	244	R
L	244	S
L	244	T
L	244	V
L	244	W
L	244	Y
H	245	A
H	245	C
H	245	D
H	245	E
H	245	F
H	245	G
H	245	H
H	245	I
H	245	K
H	245	L
H	245	M
H	245	N
H	245	P
H	245	Q
H	245	R
H	245	S
H	245	T
H	245	V
H	245	W
H	245	Y
E	246	A
E	246	C
E	246	D
E	246	E
E	246	F
E	246	G
E	246	H
E	246	I
E	246	K
E	246	L
E	246	M
E	246	N
E	246	P
E	246	Q
E	246	R
E	246	S
E	246	T
E	246	V
E	246	W
E	246	Y
L	247	A
L	247	C
L	247	D
L	247	E
L	247	F
L	247	G
L	247	H
L	247	I
L	247	K
L	247	L
L	247	M
L	247	N
L	247	P
L	247	Q
L	247	R
L	247	S
L	247	T
L	247	V
L	247	W
L	247	Y
T	248	A
T	248	C
T	248	D
T	248	E
T	248	F
T	248	G
T	248	H
T	248	I
T	248	K
T	248	L
T	248	M
T	248	N
T	248	P
T	248	Q
T	248	R
T	248	S
T	248	T
T	248	V
T	248	W
T	248	Y
F	249	A
F	249	C
F	249	D
F	249	E
F	249	F
F	249	G
F	249	H
F	249	I
F	249	K
F	249	L
F	249	M
F	249	N
F	249	P
F	249	Q
F	249	R
F	249	S
F	249	T
F	249	V
F	249	W
F	249	Y
Q	250	A
Q	250	C
Q	250	D
Q	250	E
Q	250	F
Q	250	G
Q	250	H
Q	250	I
Q	250	K
Q	250	L
Q	250	M
Q	250	N
Q	250	P
Q	250	Q
Q	250	R
Q	250	S
Q	250	T
Q	250	V
Q	250	W
Q	250	Y
A	251	A
A	251	C
A	251	D
A	251	E
A	251	F
A	251	G
A	251	H
A	251	I
A	251	K
A	251	L
A	251	M
A	251	N
A	251	P
A	251	Q
A	251	R
A	251	S
A	251	T
A	251	V
A	251	W
A	251	Y
M	252	A
M	252	C
M	252	D
M	252	E
M	252	F
M	252	G
M	252	H
M	252	I
M	252	K
M	252	L
M	252	M
M	252	N
M	252	P
M	252	Q
M	252	R
M	252	S
M	252	T
M	252	V
M	252	W
M	252	Y
S	253	A
S	253	C
S	253	D
S	253	E
S	253	F
S	253	G
S	253	H
S	253	I
S	253	K
S	253	L
S	253	M
S	253	N
S	253	P
S	253	Q
S	253	R
S	253	S
S	253	T
S	253	V
S	253	W
S	253	Y
Y	254	A
Y	254	C
Y	254	D
Y	254	E
Y	254	F
Y	254	G
Y	254	H
Y	254	I
Y	254	K
Y	254	L
Y	254	M
Y	254	N
Y	254	P
Y	254	Q
Y	254	R
Y	254	S
Y	254	T
Y	254	V
Y	254	W
Y	254	Y
D	255	A
D	255	C
D	255	D
D	255	E
D	255	F
D	255	G
D	255	H
D	255	I
D	255	K
D	255	L
D	255	M
D	255	N
D	255	P
D	255	Q
D	255	R
D	255	S
D	255	T
D	255	V
D	255	W
D	255	Y
L	256	A
L	256	C
L	256	D
L	256	E
L	256	F
L	256	G
L	256	H
L	256	I
L	256	K
L	256	L
L	256	M
L	256	N
L	256	P
L	256	Q
L	256	R
L	256	S
L	256	T
L	256	V
L	256	W
L	256	Y
L	257	A
L	257	C
L	257	D
L	257	E
L	257	F
L	257	G
L	257	H
L	257	I
L	257	K
L	257	L
L	257	M
L	257	N
L	257	P
L	257	Q
L	257	R
L	257	S
L	257	T
L	257	V
L	257	W
L	257	Y
P	258	A
P	258	C
P	258	D
P	258	E
P	258	F
P	258	G
P	258	H
P	258	I
P	258	K
P	258	L
P	258	M
P	258	N
P	258	P
P	258	Q
P	258	R
P	258	S
P	258	T
P	258	V
P	258	W
P	258	Y
I	259	A
I	259	C
I	259	D
I	259	E
I	259	F
I	259	G
I	259	H
I	259	I
I	259	K
I	259	L
I	259	M
I	259	N
I	259	P
I	259	Q
I	259	R
I	259	S
I	259	T
I	259	V
I	259	W
I	259	Y
E	260	A
E	260	C
E	260	D
E	260	E
E	260	F
E	260	G
E	260	H
E	260	I
E	260	K
E	260	L
E	260	M
E	260	N
E	260	P
E	260	Q
E	260	R
E	260	S
E	260	T
E	260	V
E	260	W
E	260	Y
N	261	A
N	261	C
N	261	D
N	261	E
N	261	F
N	261	G
N	261	H
N	261	I
N	261	K
N	261	L
N	261	M
N	261	N
N	261	P
N	261	Q
N	261	R
N	261	S
N	261	T
N	261	V
N	261	W
N	261	Y
D	262	A
D	262	C
D	262	D
D	262	E
D	262	F
D	262	G
D	262	H
D	262	I
D	262	K
D	262	L
D	262	M
D	262	N
D	262	P
D	262	Q
D	262	R
D	262	S
D	262	T
D	262	V
D	262	W
D	262	Y
V	263	A
V	263	C
V	263	D
V	263	E
V	263	F
V	263	G
V	263	H
V	263	I
V	263	K
V	263	L
V	263	M
V	263	N
V	263	P
V	263	Q
V	263	R
V	263	S
V	263	T
V	263	V
V	263	W
V	263	Y
Y	264	A
Y	264	C
Y	264	D
Y	264	E
Y	264	F
Y	264	G
Y	264	H
Y	264	I
Y	264	K
Y	264	L
Y	264	M
Y	264	N
Y	264	P
Y	264	Q
Y	264	R
Y	264	S
Y	264	T
Y	264	V
Y	264	W
Y	264	Y
K	265	A
K	265	C
K	265	D
K	265	E
K	265	F
K	265	G
K	265	H
K	265	I
K	265	K
K	265	L
K	265	M
K	265	N
K	265	P
K	265	Q
K	265	R
K	265	S
K	265	T
K	265	V
K	265	W
K	265	Y
Y	266	A
Y	266	C
Y	266	D
Y	266	E
Y	266	F
Y	266	G
Y	266	H
Y	266	I
Y	266	K
Y	266	L
Y	266	M
Y	266	N
Y	266	P
Y	266	Q
Y	266	R
Y	266	S
Y	266	T
Y	266	V
Y	266	W
Y	266	Y
E	267	A
E	267	C
E	267	D
E	267	E
E	267	F
E	267	G
E	267	H
E	267	I
E	267	K
E	267	L
E	267	M
E	267	N
E	267	P
E	267	Q
E	267	R
E	267	S
E	267	T
E	267	V
E	267	W
E	267	Y
T	268	A
T	268	C
T	268	D
T	268	E
T	268	F
T	268	G
T	268	H
T	268	I
T	268	K
T	268	L
T	268	M
T	268	N
T	268	P
T	268	Q
T	268	R
T	268	S
T	268	T
T	268	V
T	268	W
T	268	Y
S	269	A
S	269	C
S	269	D
S	269	E
S	269	F
S	269	G
S	269	H
S	269	I
S	269	K
S	269	L
S	269	M
S	269	N
S	269	P
S	269	Q
S	269	R
S	269	S
S	269	T
S	269	V
S	269	W
S	269	Y
G	270	A
G	270	C
G	270	D
G	270	E
G	270	F
G	270	G
G	270	H
G	270	I
G	270	K
G	270	L
G	270	M
G	270	N
G	270	P
G	270	Q
G	270	R
G	270	S
G	270	T
G	270	V
G	270	W
G	270	Y
I	271	A
I	271	C
I	271	D
I	271	E
I	271	F
I	271	G
I	271	H
I	271	I
I	271	K
I	271	L
I	271	M
I	271	N
I	271	P
I	271	Q
I	271	R
I	271	S
I	271	T
I	271	V
I	271	W
I	271	Y
G	272	A
G	272	C
G	272	D
G	272	E
G	272	F
G	272	G
G	272	H
G	272	I
G	272	K
G	272	L
G	272	M
G	272	N
G	272	P
G	272	Q
G	272	R
G	272	S
G	272	T
G	272	V
G	272	W
G	272	Y
E	273	A
E	273	C
E	273	D
E	273	E
E	273	F
E	273	G
E	273	H
E	273	I
E	273	K
E	273	L
E	273	M
E	273	N
E	273	P
E	273	Q
E	273	R
E	273	S
E	273	T
E	273	V
E	273	W
E	273	Y
A	274	A
A	274	C
A	274	D
A	274	E
A	274	F
A	274	G
A	274	H
A	274	I
A	274	K
A	274	L
A	274	M
A	274	N
A	274	P
A	274	Q
A	274	R
A	274	S
A	274	T
A	274	V
A	274	W
A	274	Y
R	275	A
R	275	C
R	275	D
R	275	E
R	275	F
R	275	G
R	275	H
R	275	I
R	275	K
R	275	L
R	275	M
R	275	N
R	275	P
R	275	Q
R	275	R
R	275	S
R	275	T
R	275	V
R	275	W
R	275	Y
V	276	A
V	276	C
V	276	D
V	276	E
V	276	F
V	276	G
V	276	H
V	276	I
V	276	K
V	276	L
V	276	M
V	276	N
V	276	P
V	276	Q
V	276	R
V	276	S
V	276	T
V	276	V
V	276	W
V	276	Y
K	277	A
K	277	C
K	277	D
K	277	E
K	277	F
K	277	G
K	277	H
K	277	I
K	277	K
K	277	L
K	277	M
K	277	N
K	277	P
K	277	Q
K	277	R
K	277	S
K	277	T
K	277	V
K	277	W
K	277	Y
E	278	A
E	278	C
E	278	D
E	278	E
E	278	F
E	278	G
E	278	H
E	278	I
E	278	K
E	278	L
E	278	M
E	278	N
E	278	P
E	278	Q
E	278	R
E	278	S
E	278	T
E	278	V
E	278	W
E	278	Y
V	279	A
V	279	C
V	279	D
V	279	E
V	279	F
V	279	G
V	279	H
V	279	I
V	279	K
V	279	L
V	279	M
V	279	N
V	279	P
V	279	Q
V	279	R
V	279	S
V	279	T
V	279	V
V	279	W
V	279	Y
L	280	A
L	280	C
L	280	D
L	280	E
L	280	F
L	280	G
L	280	H
L	280	I
L	280	K
L	280	L
L	280	M
L	280	N
L	280	P
L	280	Q
L	280	R
L	280	S
L	280	T
L	280	V
L	280	W
L	280	Y
L	281	A
L	281	C
L	281	D
L	281	E
L	281	F
L	281	G
L	281	H
L	281	I
L	281	K
L	281	L
L	281	M
L	281	N
L	281	P
L	281	Q
L	281	R
L	281	S
L	281	T
L	281	V
L	281	W
L	281	Y
D	282	A
D	282	C
D	282	D
D	282	E
D	282	F
D	282	G
D	282	H
D	282	I
D	282	K
D	282	L
D	282	M
D	282	N
D	282	P
D	282	Q
D	282	R
D	282	S
D	282	T
D	282	V
D	282	W
D	282	Y
E	283	A
E	283	C
E	283	D
E	283	E
E	283	F
E	283	G
E	283	H
E	283	I
E	283	K
E	283	L
E	283	M
E	283	N
E	283	P
E	283	Q
E	283	R
E	283	S
E	283	T
E	283	V
E	283	W
E	283	Y
D	284	A
D	284	C
D	284	D
D	284	E
D	284	F
D	284	G
D	284	H
D	284	I
D	284	K
D	284	L
D	284	M
D	284	N
D	284	P
D	284	Q
D	284	R
D	284	S
D	284	T
D	284	V
D	284	W
D	284	Y
D	285	A
D	285	C
D	285	D
D	285	E
D	285	F
D	285	G
D	285	H
D	285	I
D	285	K
D	285	L
D	285	M
D	285	N
D	285	P
D	285	Q
D	285	R
D	285	S
D	285	T
D	285	V
D	285	W
D	285	Y
D	286	A
D	286	C
D	286	D
D	286	E
D	286	F
D	286	G
D	286	H
D	286	I
D	286	K
D	286	L
D	286	M
D	286	N
D	286	P
D	286	Q
D	286	R
D	286	S
D	286	T
D	286	V
D	286	W
D	286	Y
L	287	A
L	287	C
L	287	D
L	287	E
L	287	F
L	287	G
L	287	H
L	287	I
L	287	K
L	287	L
L	287	M
L	287	N
L	287	P
L	287	Q
L	287	R
L	287	S
L	287	T
L	287	V
L	287	W
L	287	Y
W	288	A
W	288	C
W	288	D
W	288	E
W	288	F
W	288	G
W	288	H
W	288	I
W	288	K
W	288	L
W	288	M
W	288	N
W	288	P
W	288	Q
W	288	R
W	288	S
W	288	T
W	288	V
W	288	W
W	288	Y
I	289	A
I	289	C
I	289	D
I	289	E
I	289	F
I	289	G
I	289	H
I	289	I
I	289	K
I	289	L
I	289	M
I	289	N
I	289	P
I	289	Q
I	289	R
I	289	S
I	289	T
I	289	V
I	289	W
I	289	Y
A	290	A
A	290	C
A	290	D
A	290	E
A	290	F
A	290	G
A	290	H
A	290	I
A	290	K
A	290	L
A	290	M
A	290	N
A	290	P
A	290	Q
A	290	R
A	290	S
A	290	T
A	290	V
A	290	W
A	290	Y
L	291	A
L	291	C
L	291	D
L	291	E
L	291	F
L	291	G
L	291	H
L	291	I
L	291	K
L	291	L
L	291	M
L	291	N
L	291	P
L	291	Q
L	291	R
L	291	S
L	291	T
L	291	V
L	291	W
L	291	Y
R	292	A
R	292	C
R	292	D
R	292	E
R	292	F
R	292	G
R	292	H
R	292	I
R	292	K
R	292	L
R	292	M
R	292	N
R	292	P
R	292	Q
R	292	R
R	292	S
R	292	T
R	292	V
R	292	W
R	292	Y
H	293	A
H	293	C
H	293	D
H	293	E
H	293	F
H	293	G
H	293	H
H	293	I
H	293	K
H	293	L
H	293	M
H	293	N
H	293	P
H	293	Q
H	293	R
H	293	S
H	293	T
H	293	V
H	293	W
H	293	Y
K	294	A
K	294	C
K	294	D
K	294	E
K	294	F
K	294	G
K	294	H
K	294	I
K	294	K
K	294	L
K	294	M
K	294	N
K	294	P
K	294	Q
K	294	R
K	294	S
K	294	T
K	294	V
K	294	W
K	294	Y
H	295	A
H	295	C
H	295	D
H	295	E
H	295	F
H	295	G
H	295	H
H	295	I
H	295	K
H	295	L
H	295	M
H	295	N
H	295	P
H	295	Q
H	295	R
H	295	S
H	295	T
H	295	V
H	295	W
H	295	Y
I	296	A
I	296	C
I	296	D
I	296	E
I	296	F
I	296	G
I	296	H
I	296	I
I	296	K
I	296	L
I	296	M
I	296	N
I	296	P
I	296	Q
I	296	R
I	296	S
I	296	T
I	296	V
I	296	W
I	296	Y
A	297	A
A	297	C
A	297	D
A	297	E
A	297	F
A	297	G
A	297	H
A	297	I
A	297	K
A	297	L
A	297	M
A	297	N
A	297	P
A	297	Q
A	297	R
A	297	S
A	297	T
A	297	V
A	297	W
A	297	Y
E	298	A
E	298	C
E	298	D
E	298	E
E	298	F
E	298	G
E	298	H
E	298	I
E	298	K
E	298	L
E	298	M
E	298	N
E	298	P
E	298	Q
E	298	R
E	298	S
E	298	T
E	298	V
E	298	W
E	298	Y
V	299	A
V	299	C
V	299	D
V	299	E
V	299	F
V	299	G
V	299	H
V	299	I
V	299	K
V	299	L
V	299	M
V	299	N
V	299	P
V	299	Q
V	299	R
V	299	S
V	299	T
V	299	V
V	299	W
V	299	Y
S	300	A
S	300	C
S	300	D
S	300	E
S	300	F
S	300	G
S	300	H
S	300	I
S	300	K
S	300	L
S	300	M
S	300	N
S	300	P
S	300	Q
S	300	R
S	300	S
S	300	T
S	300	V
S	300	W
S	300	Y
Q	301	A
Q	301	C
Q	301	D
Q	301	E
Q	301	F
Q	301	G
Q	301	H
Q	301	I
Q	301	K
Q	301	L
Q	301	M
Q	301	N
Q	301	P
Q	301	Q
Q	301	R
Q	301	S
Q	301	T
Q	301	V
Q	301	W
Q	301	Y
E	302	A
E	302	C
E	302	D
E	302	E
E	302	F
E	302	G
E	302	H
E	302	I
E	302	K
E	302	L
E	302	M
E	302	N
E	302	P
E	302	Q
E	302	R
E	302	S
E	302	T
E	302	V
E	302	W
E	302	Y
V	303	A
V	303	C
V	303	D
V	303	E
V	303	F
V	303	G
V	303	H
V	303	I
V	303	K
V	303	L
V	303	M
V	303	N
V	303	P
V	303	Q
V	303	R
V	303	S
V	303	T
V	303	V
V	303	W
V	303	Y
T	304	A
T	304	C
T	304	D
T	304	E
T	304	F
T	304	G
T	304	H
T	304	I
T	304	K
T	304	L
T	304	M
T	304	N
T	304	P
T	304	Q
T	304	R
T	304	S
T	304	T
T	304	V
T	304	W
T	304	Y
R	305	A
R	305	C
R	305	D
R	305	E
R	305	F
R	305	G
R	305	H
R	305	I
R	305	K
R	305	L
R	305	M
R	305	N
R	305	P
R	305	Q
R	305	R
R	305	S
R	305	T
R	305	V
R	305	W
R	305	Y
S	306	A
S	306	C
S	306	D
S	306	E
S	306	F
S	306	G
S	306	H
S	306	I
S	306	K
S	306	L
S	306	M
S	306	N
S	306	P
S	306	Q
S	306	R
S	306	S
S	306	T
S	306	V
S	306	W
S	306	Y
L	307	A
L	307	C
L	307	D
L	307	E
L	307	F
L	307	G
L	307	H
L	307	I
L	307	K
L	307	L
L	307	M
L	307	N
L	307	P
L	307	Q
L	307	R
L	307	S
L	307	T
L	307	V
L	307	W
L	307	Y
K	308	A
K	308	C
K	308	D
K	308	E
K	308	F
K	308	G
K	308	H
K	308	I
K	308	K
K	308	L
K	308	M
K	308	N
K	308	P
K	308	Q
K	308	R
K	308	S
K	308	T
K	308	V
K	308	W
K	308	Y
D	309	A
D	309	C
D	309	D
D	309	E
D	309	F
D	309	G
D	309	H
D	309	I
D	309	K
D	309	L
D	309	M
D	309	N
D	309	P
D	309	Q
D	309	R
D	309	S
D	309	T
D	309	V
D	309	W
D	309	Y
F	310	A
F	310	C
F	310	D
F	310	E
F	310	F
F	310	G
F	310	H
F	310	I
F	310	K
F	310	L
F	310	M
F	310	N
F	310	P
F	310	Q
F	310	R
F	310	S
F	310	T
F	310	V
F	310	W
F	310	Y
S	311	A
S	311	C
S	311	D
S	311	E
S	311	F
S	311	G
S	311	H
S	311	I
S	311	K
S	311	L
S	311	M
S	311	N
S	311	P
S	311	Q
S	311	R
S	311	S
S	311	T
S	311	V
S	311	W
S	311	Y
S	312	A
S	312	C
S	312	D
S	312	E
S	312	F
S	312	G
S	312	H
S	312	I
S	312	K
S	312	L
S	312	M
S	312	N
S	312	P
S	312	Q
S	312	R
S	312	S
S	312	T
S	312	V
S	312	W
S	312	Y
S	313	A
S	313	C
S	313	D
S	313	E
S	313	F
S	313	G
S	313	H
S	313	I
S	313	K
S	313	L
S	313	M
S	313	N
S	313	P
S	313	Q
S	313	R
S	313	S
S	313	T
S	313	V
S	313	W
S	313	Y
K	314	A
K	314	C
K	314	D
K	314	E
K	314	F
K	314	G
K	314	H
K	314	I
K	314	K
K	314	L
K	314	M
K	314	N
K	314	P
K	314	Q
K	314	R
K	314	S
K	314	T
K	314	V
K	314	W
K	314	Y
R	315	A
R	315	C
R	315	D
R	315	E
R	315	F
R	315	G
R	315	H
R	315	I
R	315	K
R	315	L
R	315	M
R	315	N
R	315	P
R	315	Q
R	315	R
R	315	S
R	315	T
R	315	V
R	315	W
R	315	Y
M	316	A
M	316	C
M	316	D
M	316	E
M	316	F
M	316	G
M	316	H
M	316	I
M	316	K
M	316	L
M	316	M
M	316	N
M	316	P
M	316	Q
M	316	R
M	316	S
M	316	T
M	316	V
M	316	W
M	316	Y
N	317	A
N	317	C
N	317	D
N	317	E
N	317	F
N	317	G
N	317	H
N	317	I
N	317	K
N	317	L
N	317	M
N	317	N
N	317	P
N	317	Q
N	317	R
N	317	S
N	317	T
N	317	V
N	317	W
N	317	Y
T	318	A
T	318	C
T	318	D
T	318	E
T	318	F
T	318	G
T	318	H
T	318	I
T	318	K
T	318	L
T	318	M
T	318	N
T	318	P
T	318	Q
T	318	R
T	318	S
T	318	T
T	318	V
T	318	W
T	318	Y
G	319	A
G	319	C
G	319	D
G	319	E
G	319	F
G	319	G
G	319	H
G	319	I
G	319	K
G	319	L
G	319	M
G	319	N
G	319	P
G	319	Q
G	319	R
G	319	S
G	319	T
G	319	V
G	319	W
G	319	Y
E	320	A
E	320	C
E	320	D
E	320	E
E	320	F
E	320	G
E	320	H
E	320	I
E	320	K
E	320	L
E	320	M
E	320	N
E	320	P
E	320	Q
E	320	R
E	320	S
E	320	T
E	320	V
E	320	W
E	320	Y
K	321	A
K	321	C
K	321	D
K	321	E
K	321	F
K	321	G
K	321	H
K	321	I
K	321	K
K	321	L
K	321	M
K	321	N
K	321	P
K	321	Q
K	321	R
K	321	S
K	321	T
K	321	V
K	321	W
K	321	Y
T	322	A
T	322	C
T	322	D
T	322	E
T	322	F
T	322	G
T	322	H
T	322	I
T	322	K
T	322	L
T	322	M
T	322	N
T	322	P
T	322	Q
T	322	R
T	322	S
T	322	T
T	322	V
T	322	W
T	322	Y
T	323	A
T	323	C
T	323	D
T	323	E
T	323	F
T	323	G
T	323	H
T	323	I
T	323	K
T	323	L
T	323	M
T	323	N
T	323	P
T	323	Q
T	323	R
T	323	S
T	323	T
T	323	V
T	323	W
T	323	Y
M	324	A
M	324	C
M	324	D
M	324	E
M	324	F
M	324	G
M	324	H
M	324	I
M	324	K
M	324	L
M	324	M
M	324	N
M	324	P
M	324	Q
M	324	R
M	324	S
M	324	T
M	324	V
M	324	W
M	324	Y
R	325	A
R	325	C
R	325	D
R	325	E
R	325	F
R	325	G
R	325	H
R	325	I
R	325	K
R	325	L
R	325	M
R	325	N
R	325	P
R	325	Q
R	325	R
R	325	S
R	325	T
R	325	V
R	325	W
R	325	Y
D	326	A
D	326	C
D	326	D
D	326	E
D	326	F
D	326	G
D	326	H
D	326	I
D	326	K
D	326	L
D	326	M
D	326	N
D	326	P
D	326	Q
D	326	R
D	326	S
D	326	T
D	326	V
D	326	W
D	326	Y
L	327	A
L	327	C
L	327	D
L	327	E
L	327	F
L	327	G
L	327	H
L	327	I
L	327	K
L	327	L
L	327	M
L	327	N
L	327	P
L	327	Q
L	327	R
L	327	S
L	327	T
L	327	V
L	327	W
L	327	Y
S	328	A
S	328	C
S	328	D
S	328	E
S	328	F
S	328	G
S	328	H
S	328	I
S	328	K
S	328	L
S	328	M
S	328	N
S	328	P
S	328	Q
S	328	R
S	328	S
S	328	T
S	328	V
S	328	W
S	328	Y
Q	329	A
Q	329	C
Q	329	D
Q	329	E
Q	329	F
Q	329	G
Q	329	H
Q	329	I
Q	329	K
Q	329	L
Q	329	M
Q	329	N
Q	329	P
Q	329	Q
Q	329	R
Q	329	S
Q	329	T
Q	329	V
Q	329	W
Q	329	Y
M	330	A
M	330	C
M	330	D
M	330	E
M	330	F
M	330	G
M	330	H
M	330	I
M	330	K
M	330	L
M	330	M
M	330	N
M	330	P
M	330	Q
M	330	R
M	330	S
M	330	T
M	330	V
M	330	W
M	330	Y
L	331	A
L	331	C
L	331	D
L	331	E
L	331	F
L	331	G
L	331	H
L	331	I
L	331	K
L	331	L
L	331	M
L	331	N
L	331	P
L	331	Q
L	331	R
L	331	S
L	331	T
L	331	V
L	331	W
L	331	Y
K	332	A
K	332	C
K	332	D
K	332	E
K	332	F
K	332	G
K	332	H
K	332	I
K	332	K
K	332	L
K	332	M
K	332	N
K	332	P
K	332	Q
K	332	R
K	332	S
K	332	T
K	332	V
K	332	W
K	332	Y
K	333	A
K	333	C
K	333	D
K	333	E
K	333	F
K	333	G
K	333	H
K	333	I
K	333	K
K	333	L
K	333	M
K	333	N
K	333	P
K	333	Q
K	333	R
K	333	S
K	333	T
K	333	V
K	333	W
K	333	Y
M	334	A
M	334	C
M	334	D
M	334	E
M	334	F
M	334	G
M	334	H
M	334	I
M	334	K
M	334	L
M	334	M
M	334	N
M	334	P
M	334	Q
M	334	R
M	334	S
M	334	T
M	334	V
M	334	W
M	334	Y
P	335	A
P	335	C
P	335	D
P	335	E
P	335	F
P	335	G
P	335	H
P	335	I
P	335	K
P	335	L
P	335	M
P	335	N
P	335	P
P	335	Q
P	335	R
P	335	S
P	335	T
P	335	V
P	335	W
P	335	Y
Q	336	A
Q	336	C
Q	336	D
Q	336	E
Q	336	F
Q	336	G
Q	336	H
Q	336	I
Q	336	K
Q	336	L
Q	336	M
Q	336	N
Q	336	P
Q	336	Q
Q	336	R
Q	336	S
Q	336	T
Q	336	V
Q	336	W
Q	336	Y
Y	337	A
Y	337	C
Y	337	D
Y	337	E
Y	337	F
Y	337	G
Y	337	H
Y	337	I
Y	337	K
Y	337	L
Y	337	M
Y	337	N
Y	337	P
Y	337	Q
Y	337	R
Y	337	S
Y	337	T
Y	337	V
Y	337	W
Y	337	Y
Q	338	A
Q	338	C
Q	338	D
Q	338	E
Q	338	F
Q	338	G
Q	338	H
Q	338	I
Q	338	K
Q	338	L
Q	338	M
Q	338	N
Q	338	P
Q	338	Q
Q	338	R
Q	338	S
Q	338	T
Q	338	V
Q	338	W
Q	338	Y
K	339	A
K	339	C
K	339	D
K	339	E
K	339	F
K	339	G
K	339	H
K	339	I
K	339	K
K	339	L
K	339	M
K	339	N
K	339	P
K	339	Q
K	339	R
K	339	S
K	339	T
K	339	V
K	339	W
K	339	Y
E	340	A
E	340	C
E	340	D
E	340	E
E	340	F
E	340	G
E	340	H
E	340	I
E	340	K
E	340	L
E	340	M
E	340	N
E	340	P
E	340	Q
E	340	R
E	340	S
E	340	T
E	340	V
E	340	W
E	340	Y
L	341	A
L	341	C
L	341	D
L	341	E
L	341	F
L	341	G
L	341	H
L	341	I
L	341	K
L	341	L
L	341	M
L	341	N
L	341	P
L	341	Q
L	341	R
L	341	S
L	341	T
L	341	V
L	341	W
L	341	Y
S	342	A
S	342	C
S	342	D
S	342	E
S	342	F
S	342	G
S	342	H
S	342	I
S	342	K
S	342	L
S	342	M
S	342	N
S	342	P
S	342	Q
S	342	R
S	342	S
S	342	T
S	342	V
S	342	W
S	342	Y
K	343	A
K	343	C
K	343	D
K	343	E
K	343	F
K	343	G
K	343	H
K	343	I
K	343	K
K	343	L
K	343	M
K	343	N
K	343	P
K	343	Q
K	343	R
K	343	S
K	343	T
K	343	V
K	343	W
K	343	Y
Y	344	A
Y	344	C
Y	344	D
Y	344	E
Y	344	F
Y	344	G
Y	344	H
Y	344	I
Y	344	K
Y	344	L
Y	344	M
Y	344	N
Y	344	P
Y	344	Q
Y	344	R
Y	344	S
Y	344	T
Y	344	V
Y	344	W
Y	344	Y
S	345	A
S	345	C
S	345	D
S	345	E
S	345	F
S	345	G
S	345	H
S	345	I
S	345	K
S	345	L
S	345	M
S	345	N
S	345	P
S	345	Q
S	345	R
S	345	S
S	345	T
S	345	V
S	345	W
S	345	Y
T	346	A
T	346	C
T	346	D
T	346	E
T	346	F
T	346	G
T	346	H
T	346	I
T	346	K
T	346	L
T	346	M
T	346	N
T	346	P
T	346	Q
T	346	R
T	346	S
T	346	T
T	346	V
T	346	W
T	346	Y
H	347	A
H	347	C
H	347	D
H	347	E
H	347	F
H	347	G
H	347	H
H	347	I
H	347	K
H	347	L
H	347	M
H	347	N
H	347	P
H	347	Q
H	347	R
H	347	S
H	347	T
H	347	V
H	347	W
H	347	Y
L	348	A
L	348	C
L	348	D
L	348	E
L	348	F
L	348	G
L	348	H
L	348	I
L	348	K
L	348	L
L	348	M
L	348	N
L	348	P
L	348	Q
L	348	R
L	348	S
L	348	T
L	348	V
L	348	W
L	348	Y
H	349	A
H	349	C
H	349	D
H	349	E
H	349	F
H	349	G
H	349	H
H	349	I
H	349	K
H	349	L
H	349	M
H	349	N
H	349	P
H	349	Q
H	349	R
H	349	S
H	349	T
H	349	V
H	349	W
H	349	Y
L	350	A
L	350	C
L	350	D
L	350	E
L	350	F
L	350	G
L	350	H
L	350	I
L	350	K
L	350	L
L	350	M
L	350	N
L	350	P
L	350	Q
L	350	R
L	350	S
L	350	T
L	350	V
L	350	W
L	350	Y
A	351	A
A	351	C
A	351	D
A	351	E
A	351	F
A	351	G
A	351	H
A	351	I
A	351	K
A	351	L
A	351	M
A	351	N
A	351	P
A	351	Q
A	351	R
A	351	S
A	351	T
A	351	V
A	351	W
A	351	Y
E	352	A
E	352	C
E	352	D
E	352	E
E	352	F
E	352	G
E	352	H
E	352	I
E	352	K
E	352	L
E	352	M
E	352	N
E	352	P
E	352	Q
E	352	R
E	352	S
E	352	T
E	352	V
E	352	W
E	352	Y
D	353	A
D	353	C
D	353	D
D	353	E
D	353	F
D	353	G
D	353	H
D	353	I
D	353	K
D	353	L
D	353	M
D	353	N
D	353	P
D	353	Q
D	353	R
D	353	S
D	353	T
D	353	V
D	353	W
D	353	Y
C	354	A
C	354	C
C	354	D
C	354	E
C	354	F
C	354	G
C	354	H
C	354	I
C	354	K
C	354	L
C	354	M
C	354	N
C	354	P
C	354	Q
C	354	R
C	354	S
C	354	T
C	354	V
C	354	W
C	354	Y
M	355	A
M	355	C
M	355	D
M	355	E
M	355	F
M	355	G
M	355	H
M	355	I
M	355	K
M	355	L
M	355	M
M	355	N
M	355	P
M	355	Q
M	355	R
M	355	S
M	355	T
M	355	V
M	355	W
M	355	Y
K	356	A
K	356	C
K	356	D
K	356	E
K	356	F
K	356	G
K	356	H
K	356	I
K	356	K
K	356	L
K	356	M
K	356	N
K	356	P
K	356	Q
K	356	R
K	356	S
K	356	T
K	356	V
K	356	W
K	356	Y
H	357	A
H	357	C
H	357	D
H	357	E
H	357	F
H	357	G
H	357	H
H	357	I
H	357	K
H	357	L
H	357	M
H	357	N
H	357	P
H	357	Q
H	357	R
H	357	S
H	357	T
H	357	V
H	357	W
H	357	Y
Y	358	A
Y	358	C
Y	358	D
Y	358	E
Y	358	F
Y	358	G
Y	358	H
Y	358	I
Y	358	K
Y	358	L
Y	358	M
Y	358	N
Y	358	P
Y	358	Q
Y	358	R
Y	358	S
Y	358	T
Y	358	V
Y	358	W
Y	358	Y
Q	359	A
Q	359	C
Q	359	D
Q	359	E
Q	359	F
Q	359	G
Q	359	H
Q	359	I
Q	359	K
Q	359	L
Q	359	M
Q	359	N
Q	359	P
Q	359	Q
Q	359	R
Q	359	S
Q	359	T
Q	359	V
Q	359	W
Q	359	Y
G	360	A
G	360	C
G	360	D
G	360	E
G	360	F
G	360	G
G	360	H
G	360	I
G	360	K
G	360	L
G	360	M
G	360	N
G	360	P
G	360	Q
G	360	R
G	360	S
G	360	T
G	360	V
G	360	W
G	360	Y
T	361	A
T	361	C
T	361	D
T	361	E
T	361	F
T	361	G
T	361	H
T	361	I
T	361	K
T	361	L
T	361	M
T	361	N
T	361	P
T	361	Q
T	361	R
T	361	S
T	361	T
T	361	V
T	361	W
T	361	Y
V	362	A
V	362	C
V	362	D
V	362	E
V	362	F
V	362	G
V	362	H
V	362	I
V	362	K
V	362	L
V	362	M
V	362	N
V	362	P
V	362	Q
V	362	R
V	362	S
V	362	T
V	362	V
V	362	W
V	362	Y
D	363	A
D	363	C
D	363	D
D	363	E
D	363	F
D	363	G
D	363	H
D	363	I
D	363	K
D	363	L
D	363	M
D	363	N
D	363	P
D	363	Q
D	363	R
D	363	S
D	363	T
D	363	V
D	363	W
D	363	Y
K	364	A
K	364	C
K	364	D
K	364	E
K	364	F
K	364	G
K	364	H
K	364	I
K	364	K
K	364	L
K	364	M
K	364	N
K	364	P
K	364	Q
K	364	R
K	364	S
K	364	T
K	364	V
K	364	W
K	364	Y
L	365	A
L	365	C
L	365	D
L	365	E
L	365	F
L	365	G
L	365	H
L	365	I
L	365	K
L	365	L
L	365	M
L	365	N
L	365	P
L	365	Q
L	365	R
L	365	S
L	365	T
L	365	V
L	365	W
L	365	Y
C	366	A
C	366	C
C	366	D
C	366	E
C	366	F
C	366	G
C	366	H
C	366	I
C	366	K
C	366	L
C	366	M
C	366	N
C	366	P
C	366	Q
C	366	R
C	366	S
C	366	T
C	366	V
C	366	W
C	366	Y
R	367	A
R	367	C
R	367	D
R	367	E
R	367	F
R	367	G
R	367	H
R	367	I
R	367	K
R	367	L
R	367	M
R	367	N
R	367	P
R	367	Q
R	367	R
R	367	S
R	367	T
R	367	V
R	367	W
R	367	Y
V	368	A
V	368	C
V	368	D
V	368	E
V	368	F
V	368	G
V	368	H
V	368	I
V	368	K
V	368	L
V	368	M
V	368	N
V	368	P
V	368	Q
V	368	R
V	368	S
V	368	T
V	368	V
V	368	W
V	368	Y
E	369	A
E	369	C
E	369	D
E	369	E
E	369	F
E	369	G
E	369	H
E	369	I
E	369	K
E	369	L
E	369	M
E	369	N
E	369	P
E	369	Q
E	369	R
E	369	S
E	369	T
E	369	V
E	369	W
E	369	Y
Q	370	A
Q	370	C
Q	370	D
Q	370	E
Q	370	F
Q	370	G
Q	370	H
Q	370	I
Q	370	K
Q	370	L
Q	370	M
Q	370	N
Q	370	P
Q	370	Q
Q	370	R
Q	370	S
Q	370	T
Q	370	V
Q	370	W
Q	370	Y
D	371	A
D	371	C
D	371	D
D	371	E
D	371	F
D	371	G
D	371	H
D	371	I
D	371	K
D	371	L
D	371	M
D	371	N
D	371	P
D	371	Q
D	371	R
D	371	S
D	371	T
D	371	V
D	371	W
D	371	Y
L	372	A
L	372	C
L	372	D
L	372	E
L	372	F
L	372	G
L	372	H
L	372	I
L	372	K
L	372	L
L	372	M
L	372	N
L	372	P
L	372	Q
L	372	R
L	372	S
L	372	T
L	372	V
L	372	W
L	372	Y
A	373	A
A	373	C
A	373	D
A	373	E
A	373	F
A	373	G
A	373	H
A	373	I
A	373	K
A	373	L
A	373	M
A	373	N
A	373	P
A	373	Q
A	373	R
A	373	S
A	373	T
A	373	V
A	373	W
A	373	Y
M	374	A
M	374	C
M	374	D
M	374	E
M	374	F
M	374	G
M	374	H
M	374	I
M	374	K
M	374	L
M	374	M
M	374	N
M	374	P
M	374	Q
M	374	R
M	374	S
M	374	T
M	374	V
M	374	W
M	374	Y
G	375	A
G	375	C
G	375	D
G	375	E
G	375	F
G	375	G
G	375	H
G	375	I
G	375	K
G	375	L
G	375	M
G	375	N
G	375	P
G	375	Q
G	375	R
G	375	S
G	375	T
G	375	V
G	375	W
G	375	Y
T	376	A
T	376	C
T	376	D
T	376	E
T	376	F
T	376	G
T	376	H
T	376	I
T	376	K
T	376	L
T	376	M
T	376	N
T	376	P
T	376	Q
T	376	R
T	376	S
T	376	T
T	376	V
T	376	W
T	376	Y
D	377	A
D	377	C
D	377	D
D	377	E
D	377	F
D	377	G
D	377	H
D	377	I
D	377	K
D	377	L
D	377	M
D	377	N
D	377	P
D	377	Q
D	377	R
D	377	S
D	377	T
D	377	V
D	377	W
D	377	Y
A	378	A
A	378	C
A	378	D
A	378	E
A	378	F
A	378	G
A	378	H
A	378	I
A	378	K
A	378	L
A	378	M
A	378	N
A	378	P
A	378	Q
A	378	R
A	378	S
A	378	T
A	378	V
A	378	W
A	378	Y
E	379	A
E	379	C
E	379	D
E	379	E
E	379	F
E	379	G
E	379	H
E	379	I
E	379	K
E	379	L
E	379	M
E	379	N
E	379	P
E	379	Q
E	379	R
E	379	S
E	379	T
E	379	V
E	379	W
E	379	Y
G	380	A
G	380	C
G	380	D
G	380	E
G	380	F
G	380	G
G	380	H
G	380	I
G	380	K
G	380	L
G	380	M
G	380	N
G	380	P
G	380	Q
G	380	R
G	380	S
G	380	T
G	380	V
G	380	W
G	380	Y
E	381	A
E	381	C
E	381	D
E	381	E
E	381	F
E	381	G
E	381	H
E	381	I
E	381	K
E	381	L
E	381	M
E	381	N
E	381	P
E	381	Q
E	381	R
E	381	S
E	381	T
E	381	V
E	381	W
E	381	Y
K	382	A
K	382	C
K	382	D
K	382	E
K	382	F
K	382	G
K	382	H
K	382	I
K	382	K
K	382	L
K	382	M
K	382	N
K	382	P
K	382	Q
K	382	R
K	382	S
K	382	T
K	382	V
K	382	W
K	382	Y
I	383	A
I	383	C
I	383	D
I	383	E
I	383	F
I	383	G
I	383	H
I	383	I
I	383	K
I	383	L
I	383	M
I	383	N
I	383	P
I	383	Q
I	383	R
I	383	S
I	383	T
I	383	V
I	383	W
I	383	Y
K	384	A
K	384	C
K	384	D
K	384	E
K	384	F
K	384	G
K	384	H
K	384	I
K	384	K
K	384	L
K	384	M
K	384	N
K	384	P
K	384	Q
K	384	R
K	384	S
K	384	T
K	384	V
K	384	W
K	384	Y
D	385	A
D	385	C
D	385	D
D	385	E
D	385	F
D	385	G
D	385	H
D	385	I
D	385	K
D	385	L
D	385	M
D	385	N
D	385	P
D	385	Q
D	385	R
D	385	S
D	385	T
D	385	V
D	385	W
D	385	Y
P	386	A
P	386	C
P	386	D
P	386	E
P	386	F
P	386	G
P	386	H
P	386	I
P	386	K
P	386	L
P	386	M
P	386	N
P	386	P
P	386	Q
P	386	R
P	386	S
P	386	T
P	386	V
P	386	W
P	386	Y
M	387	A
M	387	C
M	387	D
M	387	E
M	387	F
M	387	G
M	387	H
M	387	I
M	387	K
M	387	L
M	387	M
M	387	N
M	387	P
M	387	Q
M	387	R
M	387	S
M	387	T
M	387	V
M	387	W
M	387	Y
R	388	A
R	388	C
R	388	D
R	388	E
R	388	F
R	388	G
R	388	H
R	388	I
R	388	K
R	388	L
R	388	M
R	388	N
R	388	P
R	388	Q
R	388	R
R	388	S
R	388	T
R	388	V
R	388	W
R	388	Y
A	389	A
A	389	C
A	389	D
A	389	E
A	389	F
A	389	G
A	389	H
A	389	I
A	389	K
A	389	L
A	389	M
A	389	N
A	389	P
A	389	Q
A	389	R
A	389	S
A	389	T
A	389	V
A	389	W
A	389	Y
I	390	A
I	390	C
I	390	D
I	390	E
I	390	F
I	390	G
I	390	H
I	390	I
I	390	K
I	390	L
I	390	M
I	390	N
I	390	P
I	390	Q
I	390	R
I	390	S
I	390	T
I	390	V
I	390	W
I	390	Y
V	391	A
V	391	C
V	391	D
V	391	E
V	391	F
V	391	G
V	391	H
V	391	I
V	391	K
V	391	L
V	391	M
V	391	N
V	391	P
V	391	Q
V	391	R
V	391	S
V	391	T
V	391	V
V	391	W
V	391	Y
P	392	A
P	392	C
P	392	D
P	392	E
P	392	F
P	392	G
P	392	H
P	392	I
P	392	K
P	392	L
P	392	M
P	392	N
P	392	P
P	392	Q
P	392	R
P	392	S
P	392	T
P	392	V
P	392	W
P	392	Y
I	393	A
I	393	C
I	393	D
I	393	E
I	393	F
I	393	G
I	393	H
I	393	I
I	393	K
I	393	L
I	393	M
I	393	N
I	393	P
I	393	Q
I	393	R
I	393	S
I	393	T
I	393	V
I	393	W
I	393	Y
L	394	A
L	394	C
L	394	D
L	394	E
L	394	F
L	394	G
L	394	H
L	394	I
L	394	K
L	394	L
L	394	M
L	394	N
L	394	P
L	394	Q
L	394	R
L	394	S
L	394	T
L	394	V
L	394	W
L	394	Y
L	395	A
L	395	C
L	395	D
L	395	E
L	395	F
L	395	G
L	395	H
L	395	I
L	395	K
L	395	L
L	395	M
L	395	N
L	395	P
L	395	Q
L	395	R
L	395	S
L	395	T
L	395	V
L	395	W
L	395	Y
D	396	A
D	396	C
D	396	D
D	396	E
D	396	F
D	396	G
D	396	H
D	396	I
D	396	K
D	396	L
D	396	M
D	396	N
D	396	P
D	396	Q
D	396	R
D	396	S
D	396	T
D	396	V
D	396	W
D	396	Y
A	397	A
A	397	C
A	397	D
A	397	E
A	397	F
A	397	G
A	397	H
A	397	I
A	397	K
A	397	L
A	397	M
A	397	N
A	397	P
A	397	Q
A	397	R
A	397	S
A	397	T
A	397	V
A	397	W
A	397	Y
N	398	A
N	398	C
N	398	D
N	398	E
N	398	F
N	398	G
N	398	H
N	398	I
N	398	K
N	398	L
N	398	M
N	398	N
N	398	P
N	398	Q
N	398	R
N	398	S
N	398	T
N	398	V
N	398	W
N	398	Y
V	399	A
V	399	C
V	399	D
V	399	E
V	399	F
V	399	G
V	399	H
V	399	I
V	399	K
V	399	L
V	399	M
V	399	N
V	399	P
V	399	Q
V	399	R
V	399	S
V	399	T
V	399	V
V	399	W
V	399	Y
S	400	A
S	400	C
S	400	D
S	400	E
S	400	F
S	400	G
S	400	H
S	400	I
S	400	K
S	400	L
S	400	M
S	400	N
S	400	P
S	400	Q
S	400	R
S	400	S
S	400	T
S	400	V
S	400	W
S	400	Y
T	401	A
T	401	C
T	401	D
T	401	E
T	401	F
T	401	G
T	401	H
T	401	I
T	401	K
T	401	L
T	401	M
T	401	N
T	401	P
T	401	Q
T	401	R
T	401	S
T	401	T
T	401	V
T	401	W
T	401	Y
Y	402	A
Y	402	C
Y	402	D
Y	402	E
Y	402	F
Y	402	G
Y	402	H
Y	402	I
Y	402	K
Y	402	L
Y	402	M
Y	402	N
Y	402	P
Y	402	Q
Y	402	R
Y	402	S
Y	402	T
Y	402	V
Y	402	W
Y	402	Y
D	403	A
D	403	C
D	403	D
D	403	E
D	403	F
D	403	G
D	403	H
D	403	I
D	403	K
D	403	L
D	403	M
D	403	N
D	403	P
D	403	Q
D	403	R
D	403	S
D	403	T
D	403	V
D	403	W
D	403	Y
K	404	A
K	404	C
K	404	D
K	404	E
K	404	F
K	404	G
K	404	H
K	404	I
K	404	K
K	404	L
K	404	M
K	404	N
K	404	P
K	404	Q
K	404	R
K	404	S
K	404	T
K	404	V
K	404	W
K	404	Y
I	405	A
I	405	C
I	405	D
I	405	E
I	405	F
I	405	G
I	405	H
I	405	I
I	405	K
I	405	L
I	405	M
I	405	N
I	405	P
I	405	Q
I	405	R
I	405	S
I	405	T
I	405	V
I	405	W
I	405	Y
R	406	A
R	406	C
R	406	D
R	406	E
R	406	F
R	406	G
R	406	H
R	406	I
R	406	K
R	406	L
R	406	M
R	406	N
R	406	P
R	406	Q
R	406	R
R	406	S
R	406	T
R	406	V
R	406	W
R	406	Y
I	407	A
I	407	C
I	407	D
I	407	E
I	407	F
I	407	G
I	407	H
I	407	I
I	407	K
I	407	L
I	407	M
I	407	N
I	407	P
I	407	Q
I	407	R
I	407	S
I	407	T
I	407	V
I	407	W
I	407	Y
I	408	A
I	408	C
I	408	D
I	408	E
I	408	F
I	408	G
I	408	H
I	408	I
I	408	K
I	408	L
I	408	M
I	408	N
I	408	P
I	408	Q
I	408	R
I	408	S
I	408	T
I	408	V
I	408	W
I	408	Y
L	409	A
L	409	C
L	409	D
L	409	E
L	409	F
L	409	G
L	409	H
L	409	I
L	409	K
L	409	L
L	409	M
L	409	N
L	409	P
L	409	Q
L	409	R
L	409	S
L	409	T
L	409	V
L	409	W
L	409	Y
L	410	A
L	410	C
L	410	D
L	410	E
L	410	F
L	410	G
L	410	H
L	410	I
L	410	K
L	410	L
L	410	M
L	410	N
L	410	P
L	410	Q
L	410	R
L	410	S
L	410	T
L	410	V
L	410	W
L	410	Y
Y	411	A
Y	411	C
Y	411	D
Y	411	E
Y	411	F
Y	411	G
Y	411	H
Y	411	I
Y	411	K
Y	411	L
Y	411	M
Y	411	N
Y	411	P
Y	411	Q
Y	411	R
Y	411	S
Y	411	T
Y	411	V
Y	411	W
Y	411	Y
I	412	A
I	412	C
I	412	D
I	412	E
I	412	F
I	412	G
I	412	H
I	412	I
I	412	K
I	412	L
I	412	M
I	412	N
I	412	P
I	412	Q
I	412	R
I	412	S
I	412	T
I	412	V
I	412	W
I	412	Y
F	413	A
F	413	C
F	413	D
F	413	E
F	413	F
F	413	G
F	413	H
F	413	I
F	413	K
F	413	L
F	413	M
F	413	N
F	413	P
F	413	Q
F	413	R
F	413	S
F	413	T
F	413	V
F	413	W
F	413	Y
L	414	A
L	414	C
L	414	D
L	414	E
L	414	F
L	414	G
L	414	H
L	414	I
L	414	K
L	414	L
L	414	M
L	414	N
L	414	P
L	414	Q
L	414	R
L	414	S
L	414	T
L	414	V
L	414	W
L	414	Y
K	415	A
K	415	C
K	415	D
K	415	E
K	415	F
K	415	G
K	415	H
K	415	I
K	415	K
K	415	L
K	415	M
K	415	N
K	415	P
K	415	Q
K	415	R
K	415	S
K	415	T
K	415	V
K	415	W
K	415	Y
N	416	A
N	416	C
N	416	D
N	416	E
N	416	F
N	416	G
N	416	H
N	416	I
N	416	K
N	416	L
N	416	M
N	416	N
N	416	P
N	416	Q
N	416	R
N	416	S
N	416	T
N	416	V
N	416	W
N	416	Y
G	417	A
G	417	C
G	417	D
G	417	E
G	417	F
G	417	G
G	417	H
G	417	I
G	417	K
G	417	L
G	417	M
G	417	N
G	417	P
G	417	Q
G	417	R
G	417	S
G	417	T
G	417	V
G	417	W
G	417	Y
I	418	A
I	418	C
I	418	D
I	418	E
I	418	F
I	418	G
I	418	H
I	418	I
I	418	K
I	418	L
I	418	M
I	418	N
I	418	P
I	418	Q
I	418	R
I	418	S
I	418	T
I	418	V
I	418	W
I	418	Y
T	419	A
T	419	C
T	419	D
T	419	E
T	419	F
T	419	G
T	419	H
T	419	I
T	419	K
T	419	L
T	419	M
T	419	N
T	419	P
T	419	Q
T	419	R
T	419	S
T	419	T
T	419	V
T	419	W
T	419	Y
E	420	A
E	420	C
E	420	D
E	420	E
E	420	F
E	420	G
E	420	H
E	420	I
E	420	K
E	420	L
E	420	M
E	420	N
E	420	P
E	420	Q
E	420	R
E	420	S
E	420	T
E	420	V
E	420	W
E	420	Y
E	421	A
E	421	C
E	421	D
E	421	E
E	421	F
E	421	G
E	421	H
E	421	I
E	421	K
E	421	L
E	421	M
E	421	N
E	421	P
E	421	Q
E	421	R
E	421	S
E	421	T
E	421	V
E	421	W
E	421	Y
N	422	A
N	422	C
N	422	D
N	422	E
N	422	F
N	422	G
N	422	H
N	422	I
N	422	K
N	422	L
N	422	M
N	422	N
N	422	P
N	422	Q
N	422	R
N	422	S
N	422	T
N	422	V
N	422	W
N	422	Y
L	423	A
L	423	C
L	423	D
L	423	E
L	423	F
L	423	G
L	423	H
L	423	I
L	423	K
L	423	L
L	423	M
L	423	N
L	423	P
L	423	Q
L	423	R
L	423	S
L	423	T
L	423	V
L	423	W
L	423	Y
N	424	A
N	424	C
N	424	D
N	424	E
N	424	F
N	424	G
N	424	H
N	424	I
N	424	K
N	424	L
N	424	M
N	424	N
N	424	P
N	424	Q
N	424	R
N	424	S
N	424	T
N	424	V
N	424	W
N	424	Y
K	425	A
K	425	C
K	425	D
K	425	E
K	425	F
K	425	G
K	425	H
K	425	I
K	425	K
K	425	L
K	425	M
K	425	N
K	425	P
K	425	Q
K	425	R
K	425	S
K	425	T
K	425	V
K	425	W
K	425	Y
L	426	A
L	426	C
L	426	D
L	426	E
L	426	F
L	426	G
L	426	H
L	426	I
L	426	K
L	426	L
L	426	M
L	426	N
L	426	P
L	426	Q
L	426	R
L	426	S
L	426	T
L	426	V
L	426	W
L	426	Y
I	427	A
I	427	C
I	427	D
I	427	E
I	427	F
I	427	G
I	427	H
I	427	I
I	427	K
I	427	L
I	427	M
I	427	N
I	427	P
I	427	Q
I	427	R
I	427	S
I	427	T
I	427	V
I	427	W
I	427	Y
Q	428	A
Q	428	C
Q	428	D
Q	428	E
Q	428	F
Q	428	G
Q	428	H
Q	428	I
Q	428	K
Q	428	L
Q	428	M
Q	428	N
Q	428	P
Q	428	Q
Q	428	R
Q	428	S
Q	428	T
Q	428	V
Q	428	W
Q	428	Y
H	429	A
H	429	C
H	429	D
H	429	E
H	429	F
H	429	G
H	429	H
H	429	I
H	429	K
H	429	L
H	429	M
H	429	N
H	429	P
H	429	Q
H	429	R
H	429	S
H	429	T
H	429	V
H	429	W
H	429	Y
A	430	A
A	430	C
A	430	D
A	430	E
A	430	F
A	430	G
A	430	H
A	430	I
A	430	K
A	430	L
A	430	M
A	430	N
A	430	P
A	430	Q
A	430	R
A	430	S
A	430	T
A	430	V
A	430	W
A	430	Y
Q	431	A
Q	431	C
Q	431	D
Q	431	E
Q	431	F
Q	431	G
Q	431	H
Q	431	I
Q	431	K
Q	431	L
Q	431	M
Q	431	N
Q	431	P
Q	431	Q
Q	431	R
Q	431	S
Q	431	T
Q	431	V
Q	431	W
Q	431	Y
I	432	A
I	432	C
I	432	D
I	432	E
I	432	F
I	432	G
I	432	H
I	432	I
I	432	K
I	432	L
I	432	M
I	432	N
I	432	P
I	432	Q
I	432	R
I	432	S
I	432	T
I	432	V
I	432	W
I	432	Y
P	433	A
P	433	C
P	433	D
P	433	E
P	433	F
P	433	G
P	433	H
P	433	I
P	433	K
P	433	L
P	433	M
P	433	N
P	433	P
P	433	Q
P	433	R
P	433	S
P	433	T
P	433	V
P	433	W
P	433	Y
P	434	A
P	434	C
P	434	D
P	434	E
P	434	F
P	434	G
P	434	H
P	434	I
P	434	K
P	434	L
P	434	M
P	434	N
P	434	P
P	434	Q
P	434	R
P	434	S
P	434	T
P	434	V
P	434	W
P	434	Y
E	435	A
E	435	C
E	435	D
E	435	E
E	435	F
E	435	G
E	435	H
E	435	I
E	435	K
E	435	L
E	435	M
E	435	N
E	435	P
E	435	Q
E	435	R
E	435	S
E	435	T
E	435	V
E	435	W
E	435	Y
D	436	A
D	436	C
D	436	D
D	436	E
D	436	F
D	436	G
D	436	H
D	436	I
D	436	K
D	436	L
D	436	M
D	436	N
D	436	P
D	436	Q
D	436	R
D	436	S
D	436	T
D	436	V
D	436	W
D	436	Y
S	437	A
S	437	C
S	437	D
S	437	E
S	437	F
S	437	G
S	437	H
S	437	I
S	437	K
S	437	L
S	437	M
S	437	N
S	437	P
S	437	Q
S	437	R
S	437	S
S	437	T
S	437	V
S	437	W
S	437	Y
E	438	A
E	438	C
E	438	D
E	438	E
E	438	F
E	438	G
E	438	H
E	438	I
E	438	K
E	438	L
E	438	M
E	438	N
E	438	P
E	438	Q
E	438	R
E	438	S
E	438	T
E	438	V
E	438	W
E	438	Y
I	439	A
I	439	C
I	439	D
I	439	E
I	439	F
I	439	G
I	439	H
I	439	I
I	439	K
I	439	L
I	439	M
I	439	N
I	439	P
I	439	Q
I	439	R
I	439	S
I	439	T
I	439	V
I	439	W
I	439	Y
I	440	A
I	440	C
I	440	D
I	440	E
I	440	F
I	440	G
I	440	H
I	440	I
I	440	K
I	440	L
I	440	M
I	440	N
I	440	P
I	440	Q
I	440	R
I	440	S
I	440	T
I	440	V
I	440	W
I	440	Y
T	441	A
T	441	C
T	441	D
T	441	E
T	441	F
T	441	G
T	441	H
T	441	I
T	441	K
T	441	L
T	441	M
T	441	N
T	441	P
T	441	Q
T	441	R
T	441	S
T	441	T
T	441	V
T	441	W
T	441	Y
N	442	A
N	442	C
N	442	D
N	442	E
N	442	F
N	442	G
N	442	H
N	442	I
N	442	K
N	442	L
N	442	M
N	442	N
N	442	P
N	442	Q
N	442	R
N	442	S
N	442	T
N	442	V
N	442	W
N	442	Y
M	443	A
M	443	C
M	443	D
M	443	E
M	443	F
M	443	G
M	443	H
M	443	I
M	443	K
M	443	L
M	443	M
M	443	N
M	443	P
M	443	Q
M	443	R
M	443	S
M	443	T
M	443	V
M	443	W
M	443	Y
A	444	A
A	444	C
A	444	D
A	444	E
A	444	F
A	444	G
A	444	H
A	444	I
A	444	K
A	444	L
A	444	M
A	444	N
A	444	P
A	444	Q
A	444	R
A	444	S
A	444	T
A	444	V
A	444	W
A	444	Y
H	445	A
H	445	C
H	445	D
H	445	E
H	445	F
H	445	G
H	445	H
H	445	I
H	445	K
H	445	L
H	445	M
H	445	N
H	445	P
H	445	Q
H	445	R
H	445	S
H	445	T
H	445	V
H	445	W
H	445	Y
L	446	A
L	446	C
L	446	D
L	446	E
L	446	F
L	446	G
L	446	H
L	446	I
L	446	K
L	446	L
L	446	M
L	446	N
L	446	P
L	446	Q
L	446	R
L	446	S
L	446	T
L	446	V
L	446	W
L	446	Y
G	447	A
G	447	C
G	447	D
G	447	E
G	447	F
G	447	G
G	447	H
G	447	I
G	447	K
G	447	L
G	447	M
G	447	N
G	447	P
G	447	Q
G	447	R
G	447	S
G	447	T
G	447	V
G	447	W
G	447	Y
V	448	A
V	448	C
V	448	D
V	448	E
V	448	F
V	448	G
V	448	H
V	448	I
V	448	K
V	448	L
V	448	M
V	448	N
V	448	P
V	448	Q
V	448	R
V	448	S
V	448	T
V	448	V
V	448	W
V	448	Y
P	449	A
P	449	C
P	449	D
P	449	E
P	449	F
P	449	G
P	449	H
P	449	I
P	449	K
P	449	L
P	449	M
P	449	N
P	449	P
P	449	Q
P	449	R
P	449	S
P	449	T
P	449	V
P	449	W
P	449	Y
I	450	A
I	450	C
I	450	D
I	450	E
I	450	F
I	450	G
I	450	H
I	450	I
I	450	K
I	450	L
I	450	M
I	450	N
I	450	P
I	450	Q
I	450	R
I	450	S
I	450	T
I	450	V
I	450	W
I	450	Y
V	451	A
V	451	C
V	451	D
V	451	E
V	451	F
V	451	G
V	451	H
V	451	I
V	451	K
V	451	L
V	451	M
V	451	N
V	451	P
V	451	Q
V	451	R
V	451	S
V	451	T
V	451	V
V	451	W
V	451	Y
T	452	A
T	452	C
T	452	D
T	452	E
T	452	F
T	452	G
T	452	H
T	452	I
T	452	K
T	452	L
T	452	M
T	452	N
T	452	P
T	452	Q
T	452	R
T	452	S
T	452	T
T	452	V
T	452	W
T	452	Y
D	453	A
D	453	C
D	453	D
D	453	E
D	453	F
D	453	G
D	453	H
D	453	I
D	453	K
D	453	L
D	453	M
D	453	N
D	453	P
D	453	Q
D	453	R
D	453	S
D	453	T
D	453	V
D	453	W
D	453	Y
S	454	A
S	454	C
S	454	D
S	454	E
S	454	F
S	454	G
S	454	H
S	454	I
S	454	K
S	454	L
S	454	M
S	454	N
S	454	P
S	454	Q
S	454	R
S	454	S
S	454	T
S	454	V
S	454	W
S	454	Y
T	455	A
T	455	C
T	455	D
T	455	E
T	455	F
T	455	G
T	455	H
T	455	I
T	455	K
T	455	L
T	455	M
T	455	N
T	455	P
T	455	Q
T	455	R
T	455	S
T	455	T
T	455	V
T	455	W
T	455	Y
L	456	A
L	456	C
L	456	D
L	456	E
L	456	F
L	456	G
L	456	H
L	456	I
L	456	K
L	456	L
L	456	M
L	456	N
L	456	P
L	456	Q
L	456	R
L	456	S
L	456	T
L	456	V
L	456	W
L	456	Y
R	457	A
R	457	C
R	457	D
R	457	E
R	457	F
R	457	G
R	457	H
R	457	I
R	457	K
R	457	L
R	457	M
R	457	N
R	457	P
R	457	Q
R	457	R
R	457	S
R	457	T
R	457	V
R	457	W
R	457	Y
R	458	A
R	458	C
R	458	D
R	458	E
R	458	F
R	458	G
R	458	H
R	458	I
R	458	K
R	458	L
R	458	M
R	458	N
R	458	P
R	458	Q
R	458	R
R	458	S
R	458	T
R	458	V
R	458	W
R	458	Y
R	459	A
R	459	C
R	459	D
R	459	E
R	459	F
R	459	G
R	459	H
R	459	I
R	459	K
R	459	L
R	459	M
R	459	N
R	459	P
R	459	Q
R	459	R
R	459	S
R	459	T
R	459	V
R	459	W
R	459	Y
S	460	A
S	460	C
S	460	D
S	460	E
S	460	F
S	460	G
S	460	H
S	460	I
S	460	K
S	460	L
S	460	M
S	460	N
S	460	P
S	460	Q
S	460	R
S	460	S
S	460	T
S	460	V
S	460	W
S	460	Y
K	461	A
K	461	C
K	461	D
K	461	E
K	461	F
K	461	G
K	461	H
K	461	I
K	461	K
K	461	L
K	461	M
K	461	N
K	461	P
K	461	Q
K	461	R
K	461	S
K	461	T
K	461	V
K	461	W
K	461	Y
P	462	A
P	462	C
P	462	D
P	462	E
P	462	F
P	462	G
P	462	H
P	462	I
P	462	K
P	462	L
P	462	M
P	462	N
P	462	P
P	462	Q
P	462	R
P	462	S
P	462	T
P	462	V
P	462	W
P	462	Y
E	463	A
E	463	C
E	463	D
E	463	E
E	463	F
E	463	G
E	463	H
E	463	I
E	463	K
E	463	L
E	463	M
E	463	N
E	463	P
E	463	Q
E	463	R
E	463	S
E	463	T
E	463	V
E	463	W
E	463	Y
R	464	A
R	464	C
R	464	D
R	464	E
R	464	F
R	464	G
R	464	H
R	464	I
R	464	K
R	464	L
R	464	M
R	464	N
R	464	P
R	464	Q
R	464	R
R	464	S
R	464	T
R	464	V
R	464	W
R	464	Y
K	465	A
K	465	C
K	465	D
K	465	E
K	465	F
K	465	G
K	465	H
K	465	I
K	465	K
K	465	L
K	465	M
K	465	N
K	465	P
K	465	Q
K	465	R
K	465	S
K	465	T
K	465	V
K	465	W
K	465	Y
E	466	A
E	466	C
E	466	D
E	466	E
E	466	F
E	466	G
E	466	H
E	466	I
E	466	K
E	466	L
E	466	M
E	466	N
E	466	P
E	466	Q
E	466	R
E	466	S
E	466	T
E	466	V
E	466	W
E	466	Y
R	467	A
R	467	C
R	467	D
R	467	E
R	467	F
R	467	G
R	467	H
R	467	I
R	467	K
R	467	L
R	467	M
R	467	N
R	467	P
R	467	Q
R	467	R
R	467	S
R	467	T
R	467	V
R	467	W
R	467	Y
I	468	A
I	468	C
I	468	D
I	468	E
I	468	F
I	468	G
I	468	H
I	468	I
I	468	K
I	468	L
I	468	M
I	468	N
I	468	P
I	468	Q
I	468	R
I	468	S
I	468	T
I	468	V
I	468	W
I	468	Y
S	469	A
S	469	C
S	469	D
S	469	E
S	469	F
S	469	G
S	469	H
S	469	I
S	469	K
S	469	L
S	469	M
S	469	N
S	469	P
S	469	Q
S	469	R
S	469	S
S	469	T
S	469	V
S	469	W
S	469	Y
E	470	A
E	470	C
E	470	D
E	470	E
E	470	F
E	470	G
E	470	H
E	470	I
E	470	K
E	470	L
E	470	M
E	470	N
E	470	P
E	470	Q
E	470	R
E	470	S
E	470	T
E	470	V
E	470	W
E	470	Y
Q	471	A
Q	471	C
Q	471	D
Q	471	E
Q	471	F
Q	471	G
Q	471	H
Q	471	I
Q	471	K
Q	471	L
Q	471	M
Q	471	N
Q	471	P
Q	471	Q
Q	471	R
Q	471	S
Q	471	T
Q	471	V
Q	471	W
Q	471	Y
T	472	A
T	472	C
T	472	D
T	472	E
T	472	F
T	472	G
T	472	H
T	472	I
T	472	K
T	472	L
T	472	M
T	472	N
T	472	P
T	472	Q
T	472	R
T	472	S
T	472	T
T	472	V
T	472	W
T	472	Y
Y	473	A
Y	473	C
Y	473	D
Y	473	E
Y	473	F
Y	473	G
Y	473	H
Y	473	I
Y	473	K
Y	473	L
Y	473	M
Y	473	N
Y	473	P
Y	473	Q
Y	473	R
Y	473	S
Y	473	T
Y	473	V
Y	473	W
Y	473	Y
Q	474	A
Q	474	C
Q	474	D
Q	474	E
Q	474	F
Q	474	G
Q	474	H
Q	474	I
Q	474	K
Q	474	L
Q	474	M
Q	474	N
Q	474	P
Q	474	Q
Q	474	R
Q	474	S
Q	474	T
Q	474	V
Q	474	W
Q	474	Y
L	475	A
L	475	C
L	475	D
L	475	E
L	475	F
L	475	G
L	475	H
L	475	I
L	475	K
L	475	L
L	475	M
L	475	N
L	475	P
L	475	Q
L	475	R
L	475	S
L	475	T
L	475	V
L	475	W
L	475	Y
S	476	A
S	476	C
S	476	D
S	476	E
S	476	F
S	476	G
S	476	H
S	476	I
S	476	K
S	476	L
S	476	M
S	476	N
S	476	P
S	476	Q
S	476	R
S	476	S
S	476	T
S	476	V
S	476	W
S	476	Y
R	477	A
R	477	C
R	477	D
R	477	E
R	477	F
R	477	G
R	477	H
R	477	I
R	477	K
R	477	L
R	477	M
R	477	N
R	477	P
R	477	Q
R	477	R
R	477	S
R	477	T
R	477	V
R	477	W
R	477	Y
W	478	A
W	478	C
W	478	D
W	478	E
W	478	F
W	478	G
W	478	H
W	478	I
W	478	K
W	478	L
W	478	M
W	478	N
W	478	P
W	478	Q
W	478	R
W	478	S
W	478	T
W	478	V
W	478	W
W	478	Y
T	479	A
T	479	C
T	479	D
T	479	E
T	479	F
T	479	G
T	479	H
T	479	I
T	479	K
T	479	L
T	479	M
T	479	N
T	479	P
T	479	Q
T	479	R
T	479	S
T	479	T
T	479	V
T	479	W
T	479	Y
P	480	A
P	480	C
P	480	D
P	480	E
P	480	F
P	480	G
P	480	H
P	480	I
P	480	K
P	480	L
P	480	M
P	480	N
P	480	P
P	480	Q
P	480	R
P	480	S
P	480	T
P	480	V
P	480	W
P	480	Y
I	481	A
I	481	C
I	481	D
I	481	E
I	481	F
I	481	G
I	481	H
I	481	I
I	481	K
I	481	L
I	481	M
I	481	N
I	481	P
I	481	Q
I	481	R
I	481	S
I	481	T
I	481	V
I	481	W
I	481	Y
I	482	A
I	482	C
I	482	D
I	482	E
I	482	F
I	482	G
I	482	H
I	482	I
I	482	K
I	482	L
I	482	M
I	482	N
I	482	P
I	482	Q
I	482	R
I	482	S
I	482	T
I	482	V
I	482	W
I	482	Y
K	483	A
K	483	C
K	483	D
K	483	E
K	483	F
K	483	G
K	483	H
K	483	I
K	483	K
K	483	L
K	483	M
K	483	N
K	483	P
K	483	Q
K	483	R
K	483	S
K	483	T
K	483	V
K	483	W
K	483	Y
D	484	A
D	484	C
D	484	D
D	484	E
D	484	F
D	484	G
D	484	H
D	484	I
D	484	K
D	484	L
D	484	M
D	484	N
D	484	P
D	484	Q
D	484	R
D	484	S
D	484	T
D	484	V
D	484	W
D	484	Y
I	485	A
I	485	C
I	485	D
I	485	E
I	485	F
I	485	G
I	485	H
I	485	I
I	485	K
I	485	L
I	485	M
I	485	N
I	485	P
I	485	Q
I	485	R
I	485	S
I	485	T
I	485	V
I	485	W
I	485	Y
M	486	A
M	486	C
M	486	D
M	486	E
M	486	F
M	486	G
M	486	H
M	486	I
M	486	K
M	486	L
M	486	M
M	486	N
M	486	P
M	486	Q
M	486	R
M	486	S
M	486	T
M	486	V
M	486	W
M	486	Y
E	487	A
E	487	C
E	487	D
E	487	E
E	487	F
E	487	G
E	487	H
E	487	I
E	487	K
E	487	L
E	487	M
E	487	N
E	487	P
E	487	Q
E	487	R
E	487	S
E	487	T
E	487	V
E	487	W
E	487	Y
D	488	A
D	488	C
D	488	D
D	488	E
D	488	F
D	488	G
D	488	H
D	488	I
D	488	K
D	488	L
D	488	M
D	488	N
D	488	P
D	488	Q
D	488	R
D	488	S
D	488	T
D	488	V
D	488	W
D	488	Y
T	489	A
T	489	C
T	489	D
T	489	E
T	489	F
T	489	G
T	489	H
T	489	I
T	489	K
T	489	L
T	489	M
T	489	N
T	489	P
T	489	Q
T	489	R
T	489	S
T	489	T
T	489	V
T	489	W
T	489	Y
I	490	A
I	490	C
I	490	D
I	490	E
I	490	F
I	490	G
I	490	H
I	490	I
I	490	K
I	490	L
I	490	M
I	490	N
I	490	P
I	490	Q
I	490	R
I	490	S
I	490	T
I	490	V
I	490	W
I	490	Y
E	491	A
E	491	C
E	491	D
E	491	E
E	491	F
E	491	G
E	491	H
E	491	I
E	491	K
E	491	L
E	491	M
E	491	N
E	491	P
E	491	Q
E	491	R
E	491	S
E	491	T
E	491	V
E	491	W
E	491	Y
D	492	A
D	492	C
D	492	D
D	492	E
D	492	F
D	492	G
D	492	H
D	492	I
D	492	K
D	492	L
D	492	M
D	492	N
D	492	P
D	492	Q
D	492	R
D	492	S
D	492	T
D	492	V
D	492	W
D	492	Y
K	493	A
K	493	C
K	493	D
K	493	E
K	493	F
K	493	G
K	493	H
K	493	I
K	493	K
K	493	L
K	493	M
K	493	N
K	493	P
K	493	Q
K	493	R
K	493	S
K	493	T
K	493	V
K	493	W
K	493	Y
L	494	A
L	494	C
L	494	D
L	494	E
L	494	F
L	494	G
L	494	H
L	494	I
L	494	K
L	494	L
L	494	M
L	494	N
L	494	P
L	494	Q
L	494	R
L	494	S
L	494	T
L	494	V
L	494	W
L	494	Y
D	495	A
D	495	C
D	495	D
D	495	E
D	495	F
D	495	G
D	495	H
D	495	I
D	495	K
D	495	L
D	495	M
D	495	N
D	495	P
D	495	Q
D	495	R
D	495	S
D	495	T
D	495	V
D	495	W
D	495	Y
T	496	A
T	496	C
T	496	D
T	496	E
T	496	F
T	496	G
T	496	H
T	496	I
T	496	K
T	496	L
T	496	M
T	496	N
T	496	P
T	496	Q
T	496	R
T	496	S
T	496	T
T	496	V
T	496	W
T	496	Y
K	497	A
K	497	C
K	497	D
K	497	E
K	497	F
K	497	G
K	497	H
K	497	I
K	497	K
K	497	L
K	497	M
K	497	N
K	497	P
K	497	Q
K	497	R
K	497	S
K	497	T
K	497	V
K	497	W
K	497	Y
H	498	A
H	498	C
H	498	D
H	498	E
H	498	F
H	498	G
H	498	H
H	498	I
H	498	K
H	498	L
H	498	M
H	498	N
H	498	P
H	498	Q
H	498	R
H	498	S
H	498	T
H	498	V
H	498	W
H	498	Y
Y	499	A
Y	499	C
Y	499	D
Y	499	E
Y	499	F
Y	499	G
Y	499	H
Y	499	I
Y	499	K
Y	499	L
Y	499	M
Y	499	N
Y	499	P
Y	499	Q
Y	499	R
Y	499	S
Y	499	T
Y	499	V
Y	499	W
Y	499	Y
P	500	A
P	500	C
P	500	D
P	500	E
P	500	F
P	500	G
P	500	H
P	500	I
P	500	K
P	500	L
P	500	M
P	500	N
P	500	P
P	500	Q
P	500	R
P	500	S
P	500	T
P	500	V
P	500	W
P	500	Y
Y	501	A
Y	501	C
Y	501	D
Y	501	E
Y	501	F
Y	501	G
Y	501	H
Y	501	I
Y	501	K
Y	501	L
Y	501	M
Y	501	N
Y	501	P
Y	501	Q
Y	501	R
Y	501	S
Y	501	T
Y	501	V
Y	501	W
Y	501	Y
I	502	A
I	502	C
I	502	D
I	502	E
I	502	F
I	502	G
I	502	H
I	502	I
I	502	K
I	502	L
I	502	M
I	502	N
I	502	P
I	502	Q
I	502	R
I	502	S
I	502	T
I	502	V
I	502	W
I	502	Y
S	503	A
S	503	C
S	503	D
S	503	E
S	503	F
S	503	G
S	503	H
S	503	I
S	503	K
S	503	L
S	503	M
S	503	N
S	503	P
S	503	Q
S	503	R
S	503	S
S	503	T
S	503	V
S	503	W
S	503	Y
T	504	A
T	504	C
T	504	D
T	504	E
T	504	F
T	504	G
T	504	H
T	504	I
T	504	K
T	504	L
T	504	M
T	504	N
T	504	P
T	504	Q
T	504	R
T	504	S
T	504	T
T	504	V
T	504	W
T	504	Y
R	505	A
R	505	C
R	505	D
R	505	E
R	505	F
R	505	G
R	505	H
R	505	I
R	505	K
R	505	L
R	505	M
R	505	N
R	505	P
R	505	Q
R	505	R
R	505	S
R	505	T
R	505	V
R	505	W
R	505	Y
S	506	A
S	506	C
S	506	D
S	506	E
S	506	F
S	506	G
S	506	H
S	506	I
S	506	K
S	506	L
S	506	M
S	506	N
S	506	P
S	506	Q
S	506	R
S	506	S
S	506	T
S	506	V
S	506	W
S	506	Y
S	507	A
S	507	C
S	507	D
S	507	E
S	507	F
S	507	G
S	507	H
S	507	I
S	507	K
S	507	L
S	507	M
S	507	N
S	507	P
S	507	Q
S	507	R
S	507	S
S	507	T
S	507	V
S	507	W
S	507	Y
A	508	A
A	508	C
A	508	D
A	508	E
A	508	F
A	508	G
A	508	H
A	508	I
A	508	K
A	508	L
A	508	M
A	508	N
A	508	P
A	508	Q
A	508	R
A	508	S
A	508	T
A	508	V
A	508	W
A	508	Y
S	509	A
S	509	C
S	509	D
S	509	E
S	509	F
S	509	G
S	509	H
S	509	I
S	509	K
S	509	L
S	509	M
S	509	N
S	509	P
S	509	Q
S	509	R
S	509	S
S	509	T
S	509	V
S	509	W
S	509	Y
F	510	A
F	510	C
F	510	D
F	510	E
F	510	F
F	510	G
F	510	H
F	510	I
F	510	K
F	510	L
F	510	M
F	510	N
F	510	P
F	510	Q
F	510	R
F	510	S
F	510	T
F	510	V
F	510	W
F	510	Y
S	511	A
S	511	C
S	511	D
S	511	E
S	511	F
S	511	G
S	511	H
S	511	I
S	511	K
S	511	L
S	511	M
S	511	N
S	511	P
S	511	Q
S	511	R
S	511	S
S	511	T
S	511	V
S	511	W
S	511	Y
T	512	A
T	512	C
T	512	D
T	512	E
T	512	F
T	512	G
T	512	H
T	512	I
T	512	K
T	512	L
T	512	M
T	512	N
T	512	P
T	512	Q
T	512	R
T	512	S
T	512	T
T	512	V
T	512	W
T	512	Y
T	513	A
T	513	C
T	513	D
T	513	E
T	513	F
T	513	G
T	513	H
T	513	I
T	513	K
T	513	L
T	513	M
T	513	N
T	513	P
T	513	Q
T	513	R
T	513	S
T	513	T
T	513	V
T	513	W
T	513	Y
A	514	A
A	514	C
A	514	D
A	514	E
A	514	F
A	514	G
A	514	H
A	514	I
A	514	K
A	514	L
A	514	M
A	514	N
A	514	P
A	514	Q
A	514	R
A	514	S
A	514	T
A	514	V
A	514	W
A	514	Y
V	515	A
V	515	C
V	515	D
V	515	E
V	515	F
V	515	G
V	515	H
V	515	I
V	515	K
V	515	L
V	515	M
V	515	N
V	515	P
V	515	Q
V	515	R
V	515	S
V	515	T
V	515	V
V	515	W
V	515	Y
S	516	A
S	516	C
S	516	D
S	516	E
S	516	F
S	516	G
S	516	H
S	516	I
S	516	K
S	516	L
S	516	M
S	516	N
S	516	P
S	516	Q
S	516	R
S	516	S
S	516	T
S	516	V
S	516	W
S	516	Y
A	517	A
A	517	C
A	517	D
A	517	E
A	517	F
A	517	G
A	517	H
A	517	I
A	517	K
A	517	L
A	517	M
A	517	N
A	517	P
A	517	Q
A	517	R
A	517	S
A	517	T
A	517	V
A	517	W
A	517	Y
R	518	A
R	518	C
R	518	D
R	518	E
R	518	F
R	518	G
R	518	H
R	518	I
R	518	K
R	518	L
R	518	M
R	518	N
R	518	P
R	518	Q
R	518	R
R	518	S
R	518	T
R	518	V
R	518	W
R	518	Y
Y	519	A
Y	519	C
Y	519	D
Y	519	E
Y	519	F
Y	519	G
Y	519	H
Y	519	I
Y	519	K
Y	519	L
Y	519	M
Y	519	N
Y	519	P
Y	519	Q
Y	519	R
Y	519	S
Y	519	T
Y	519	V
Y	519	W
Y	519	Y
G	520	A
G	520	C
G	520	D
G	520	E
G	520	F
G	520	G
G	520	H
G	520	I
G	520	K
G	520	L
G	520	M
G	520	N
G	520	P
G	520	Q
G	520	R
G	520	S
G	520	T
G	520	V
G	520	W
G	520	Y
H	521	A
H	521	C
H	521	D
H	521	E
H	521	F
H	521	G
H	521	H
H	521	I
H	521	K
H	521	L
H	521	M
H	521	N
H	521	P
H	521	Q
H	521	R
H	521	S
H	521	T
H	521	V
H	521	W
H	521	Y
W	522	A
W	522	C
W	522	D
W	522	E
W	522	F
W	522	G
W	522	H
W	522	I
W	522	K
W	522	L
W	522	M
W	522	N
W	522	P
W	522	Q
W	522	R
W	522	S
W	522	T
W	522	V
W	522	W
W	522	Y
H	523	A
H	523	C
H	523	D
H	523	E
H	523	F
H	523	G
H	523	H
H	523	I
H	523	K
H	523	L
H	523	M
H	523	N
H	523	P
H	523	Q
H	523	R
H	523	S
H	523	T
H	523	V
H	523	W
H	523	Y
K	524	A
K	524	C
K	524	D
K	524	E
K	524	F
K	524	G
K	524	H
K	524	I
K	524	K
K	524	L
K	524	M
K	524	N
K	524	P
K	524	Q
K	524	R
K	524	S
K	524	T
K	524	V
K	524	W
K	524	Y
N	525	A
N	525	C
N	525	D
N	525	E
N	525	F
N	525	G
N	525	H
N	525	I
N	525	K
N	525	L
N	525	M
N	525	N
N	525	P
N	525	Q
N	525	R
N	525	S
N	525	T
N	525	V
N	525	W
N	525	Y
K	526	A
K	526	C
K	526	D
K	526	E
K	526	F
K	526	G
K	526	H
K	526	I
K	526	K
K	526	L
K	526	M
K	526	N
K	526	P
K	526	Q
K	526	R
K	526	S
K	526	T
K	526	V
K	526	W
K	526	Y
A	527	A
A	527	C
A	527	D
A	527	E
A	527	F
A	527	G
A	527	H
A	527	I
A	527	K
A	527	L
A	527	M
A	527	N
A	527	P
A	527	Q
A	527	R
A	527	S
A	527	T
A	527	V
A	527	W
A	527	Y
P	528	A
P	528	C
P	528	D
P	528	E
P	528	F
P	528	G
P	528	H
P	528	I
P	528	K
P	528	L
P	528	M
P	528	N
P	528	P
P	528	Q
P	528	R
P	528	S
P	528	T
P	528	V
P	528	W
P	528	Y
G	529	A
G	529	C
G	529	D
G	529	E
G	529	F
G	529	G
G	529	H
G	529	I
G	529	K
G	529	L
G	529	M
G	529	N
G	529	P
G	529	Q
G	529	R
G	529	S
G	529	T
G	529	V
G	529	W
G	529	Y
E	530	A
E	530	C
E	530	D
E	530	E
E	530	F
E	530	G
E	530	H
E	530	I
E	530	K
E	530	L
E	530	M
E	530	N
E	530	P
E	530	Q
E	530	R
E	530	S
E	530	T
E	530	V
E	530	W
E	530	Y
Y	531	A
Y	531	C
Y	531	D
Y	531	E
Y	531	F
Y	531	G
Y	531	H
Y	531	I
Y	531	K
Y	531	L
Y	531	M
Y	531	N
Y	531	P
Y	531	Q
Y	531	R
Y	531	S
Y	531	T
Y	531	V
Y	531	W
Y	531	Y
R	532	A
R	532	C
R	532	D
R	532	E
R	532	F
R	532	G
R	532	H
R	532	I
R	532	K
R	532	L
R	532	M
R	532	N
R	532	P
R	532	Q
R	532	R
R	532	S
R	532	T
R	532	V
R	532	W
R	532	Y
S	533	A
S	533	C
S	533	D
S	533	E
S	533	F
S	533	G
S	533	H
S	533	I
S	533	K
S	533	L
S	533	M
S	533	N
S	533	P
S	533	Q
S	533	R
S	533	S
S	533	T
S	533	V
S	533	W
S	533	Y
G	534	A
G	534	C
G	534	D
G	534	E
G	534	F
G	534	G
G	534	H
G	534	I
G	534	K
G	534	L
G	534	M
G	534	N
G	534	P
G	534	Q
G	534	R
G	534	S
G	534	T
G	534	V
G	534	W
G	534	Y
P	535	A
P	535	C
P	535	D
P	535	E
P	535	F
P	535	G
P	535	H
P	535	I
P	535	K
P	535	L
P	535	M
P	535	N
P	535	P
P	535	Q
P	535	R
P	535	S
P	535	T
P	535	V
P	535	W
P	535	Y
R	536	A
R	536	C
R	536	D
R	536	E
R	536	F
R	536	G
R	536	H
R	536	I
R	536	K
R	536	L
R	536	M
R	536	N
R	536	P
R	536	Q
R	536	R
R	536	S
R	536	T
R	536	V
R	536	W
R	536	Y
L	537	A
L	537	C
L	537	D
L	537	E
L	537	F
L	537	G
L	537	H
L	537	I
L	537	K
L	537	L
L	537	M
L	537	N
L	537	P
L	537	Q
L	537	R
L	537	S
L	537	T
L	537	V
L	537	W
L	537	Y
I	538	A
I	538	C
I	538	D
I	538	E
I	538	F
I	538	G
I	538	H
I	538	I
I	538	K
I	538	L
I	538	M
I	538	N
I	538	P
I	538	Q
I	538	R
I	538	S
I	538	T
I	538	V
I	538	W
I	538	Y
I	539	A
I	539	C
I	539	D
I	539	E
I	539	F
I	539	G
I	539	H
I	539	I
I	539	K
I	539	L
I	539	M
I	539	N
I	539	P
I	539	Q
I	539	R
I	539	S
I	539	T
I	539	V
I	539	W
I	539	Y
F	540	A
F	540	C
F	540	D
F	540	E
F	540	F
F	540	G
F	540	H
F	540	I
F	540	K
F	540	L
F	540	M
F	540	N
F	540	P
F	540	Q
F	540	R
F	540	S
F	540	T
F	540	V
F	540	W
F	540	Y
I	541	A
I	541	C
I	541	D
I	541	E
I	541	F
I	541	G
I	541	H
I	541	I
I	541	K
I	541	L
I	541	M
I	541	N
I	541	P
I	541	Q
I	541	R
I	541	S
I	541	T
I	541	V
I	541	W
I	541	Y
L	542	A
L	542	C
L	542	D
L	542	E
L	542	F
L	542	G
L	542	H
L	542	I
L	542	K
L	542	L
L	542	M
L	542	N
L	542	P
L	542	Q
L	542	R
L	542	S
L	542	T
L	542	V
L	542	W
L	542	Y
G	543	A
G	543	C
G	543	D
G	543	E
G	543	F
G	543	G
G	543	H
G	543	I
G	543	K
G	543	L
G	543	M
G	543	N
G	543	P
G	543	Q
G	543	R
G	543	S
G	543	T
G	543	V
G	543	W
G	543	Y
G	544	A
G	544	C
G	544	D
G	544	E
G	544	F
G	544	G
G	544	H
G	544	I
G	544	K
G	544	L
G	544	M
G	544	N
G	544	P
G	544	Q
G	544	R
G	544	S
G	544	T
G	544	V
G	544	W
G	544	Y
V	545	A
V	545	C
V	545	D
V	545	E
V	545	F
V	545	G
V	545	H
V	545	I
V	545	K
V	545	L
V	545	M
V	545	N
V	545	P
V	545	Q
V	545	R
V	545	S
V	545	T
V	545	V
V	545	W
V	545	Y
S	546	A
S	546	C
S	546	D
S	546	E
S	546	F
S	546	G
S	546	H
S	546	I
S	546	K
S	546	L
S	546	M
S	546	N
S	546	P
S	546	Q
S	546	R
S	546	S
S	546	T
S	546	V
S	546	W
S	546	Y
L	547	A
L	547	C
L	547	D
L	547	E
L	547	F
L	547	G
L	547	H
L	547	I
L	547	K
L	547	L
L	547	M
L	547	N
L	547	P
L	547	Q
L	547	R
L	547	S
L	547	T
L	547	V
L	547	W
L	547	Y
N	548	A
N	548	C
N	548	D
N	548	E
N	548	F
N	548	G
N	548	H
N	548	I
N	548	K
N	548	L
N	548	M
N	548	N
N	548	P
N	548	Q
N	548	R
N	548	S
N	548	T
N	548	V
N	548	W
N	548	Y
E	549	A
E	549	C
E	549	D
E	549	E
E	549	F
E	549	G
E	549	H
E	549	I
E	549	K
E	549	L
E	549	M
E	549	N
E	549	P
E	549	Q
E	549	R
E	549	S
E	549	T
E	549	V
E	549	W
E	549	Y
M	550	A
M	550	C
M	550	D
M	550	E
M	550	F
M	550	G
M	550	H
M	550	I
M	550	K
M	550	L
M	550	M
M	550	N
M	550	P
M	550	Q
M	550	R
M	550	S
M	550	T
M	550	V
M	550	W
M	550	Y
R	551	A
R	551	C
R	551	D
R	551	E
R	551	F
R	551	G
R	551	H
R	551	I
R	551	K
R	551	L
R	551	M
R	551	N
R	551	P
R	551	Q
R	551	R
R	551	S
R	551	T
R	551	V
R	551	W
R	551	Y
C	552	A
C	552	C
C	552	D
C	552	E
C	552	F
C	552	G
C	552	H
C	552	I
C	552	K
C	552	L
C	552	M
C	552	N
C	552	P
C	552	Q
C	552	R
C	552	S
C	552	T
C	552	V
C	552	W
C	552	Y
A	553	A
A	553	C
A	553	D
A	553	E
A	553	F
A	553	G
A	553	H
A	553	I
A	553	K
A	553	L
A	553	M
A	553	N
A	553	P
A	553	Q
A	553	R
A	553	S
A	553	T
A	553	V
A	553	W
A	553	Y
Y	554	A
Y	554	C
Y	554	D
Y	554	E
Y	554	F
Y	554	G
Y	554	H
Y	554	I
Y	554	K
Y	554	L
Y	554	M
Y	554	N
Y	554	P
Y	554	Q
Y	554	R
Y	554	S
Y	554	T
Y	554	V
Y	554	W
Y	554	Y
E	555	A
E	555	C
E	555	D
E	555	E
E	555	F
E	555	G
E	555	H
E	555	I
E	555	K
E	555	L
E	555	M
E	555	N
E	555	P
E	555	Q
E	555	R
E	555	S
E	555	T
E	555	V
E	555	W
E	555	Y
V	556	A
V	556	C
V	556	D
V	556	E
V	556	F
V	556	G
V	556	H
V	556	I
V	556	K
V	556	L
V	556	M
V	556	N
V	556	P
V	556	Q
V	556	R
V	556	S
V	556	T
V	556	V
V	556	W
V	556	Y
T	557	A
T	557	C
T	557	D
T	557	E
T	557	F
T	557	G
T	557	H
T	557	I
T	557	K
T	557	L
T	557	M
T	557	N
T	557	P
T	557	Q
T	557	R
T	557	S
T	557	T
T	557	V
T	557	W
T	557	Y
Q	558	A
Q	558	C
Q	558	D
Q	558	E
Q	558	F
Q	558	G
Q	558	H
Q	558	I
Q	558	K
Q	558	L
Q	558	M
Q	558	N
Q	558	P
Q	558	Q
Q	558	R
Q	558	S
Q	558	T
Q	558	V
Q	558	W
Q	558	Y
A	559	A
A	559	C
A	559	D
A	559	E
A	559	F
A	559	G
A	559	H
A	559	I
A	559	K
A	559	L
A	559	M
A	559	N
A	559	P
A	559	Q
A	559	R
A	559	S
A	559	T
A	559	V
A	559	W
A	559	Y
N	560	A
N	560	C
N	560	D
N	560	E
N	560	F
N	560	G
N	560	H
N	560	I
N	560	K
N	560	L
N	560	M
N	560	N
N	560	P
N	560	Q
N	560	R
N	560	S
N	560	T
N	560	V
N	560	W
N	560	Y
G	561	A
G	561	C
G	561	D
G	561	E
G	561	F
G	561	G
G	561	H
G	561	I
G	561	K
G	561	L
G	561	M
G	561	N
G	561	P
G	561	Q
G	561	R
G	561	S
G	561	T
G	561	V
G	561	W
G	561	Y
K	562	A
K	562	C
K	562	D
K	562	E
K	562	F
K	562	G
K	562	H
K	562	I
K	562	K
K	562	L
K	562	M
K	562	N
K	562	P
K	562	Q
K	562	R
K	562	S
K	562	T
K	562	V
K	562	W
K	562	Y
W	563	A
W	563	C
W	563	D
W	563	E
W	563	F
W	563	G
W	563	H
W	563	I
W	563	K
W	563	L
W	563	M
W	563	N
W	563	P
W	563	Q
W	563	R
W	563	S
W	563	T
W	563	V
W	563	W
W	563	Y
E	564	A
E	564	C
E	564	D
E	564	E
E	564	F
E	564	G
E	564	H
E	564	I
E	564	K
E	564	L
E	564	M
E	564	N
E	564	P
E	564	Q
E	564	R
E	564	S
E	564	T
E	564	V
E	564	W
E	564	Y
V	565	A
V	565	C
V	565	D
V	565	E
V	565	F
V	565	G
V	565	H
V	565	I
V	565	K
V	565	L
V	565	M
V	565	N
V	565	P
V	565	Q
V	565	R
V	565	S
V	565	T
V	565	V
V	565	W
V	565	Y
L	566	A
L	566	C
L	566	D
L	566	E
L	566	F
L	566	G
L	566	H
L	566	I
L	566	K
L	566	L
L	566	M
L	566	N
L	566	P
L	566	Q
L	566	R
L	566	S
L	566	T
L	566	V
L	566	W
L	566	Y
I	567	A
I	567	C
I	567	D
I	567	E
I	567	F
I	567	G
I	567	H
I	567	I
I	567	K
I	567	L
I	567	M
I	567	N
I	567	P
I	567	Q
I	567	R
I	567	S
I	567	T
I	567	V
I	567	W
I	567	Y
G	568	A
G	568	C
G	568	D
G	568	E
G	568	F
G	568	G
G	568	H
G	568	I
G	568	K
G	568	L
G	568	M
G	568	N
G	568	P
G	568	Q
G	568	R
G	568	S
G	568	T
G	568	V
G	568	W
G	568	Y
S	569	A
S	569	C
S	569	D
S	569	E
S	569	F
S	569	G
S	569	H
S	569	I
S	569	K
S	569	L
S	569	M
S	569	N
S	569	P
S	569	Q
S	569	R
S	569	S
S	569	T
S	569	V
S	569	W
S	569	Y
T	570	A
T	570	C
T	570	D
T	570	E
T	570	F
T	570	G
T	570	H
T	570	I
T	570	K
T	570	L
T	570	M
T	570	N
T	570	P
T	570	Q
T	570	R
T	570	S
T	570	T
T	570	V
T	570	W
T	570	Y
H	571	A
H	571	C
H	571	D
H	571	E
H	571	F
H	571	G
H	571	H
H	571	I
H	571	K
H	571	L
H	571	M
H	571	N
H	571	P
H	571	Q
H	571	R
H	571	S
H	571	T
H	571	V
H	571	W
H	571	Y
I	572	A
I	572	C
I	572	D
I	572	E
I	572	F
I	572	G
I	572	H
I	572	I
I	572	K
I	572	L
I	572	M
I	572	N
I	572	P
I	572	Q
I	572	R
I	572	S
I	572	T
I	572	V
I	572	W
I	572	Y
L	573	A
L	573	C
L	573	D
L	573	E
L	573	F
L	573	G
L	573	H
L	573	I
L	573	K
L	573	L
L	573	M
L	573	N
L	573	P
L	573	Q
L	573	R
L	573	S
L	573	T
L	573	V
L	573	W
L	573	Y
T	574	A
T	574	C
T	574	D
T	574	E
T	574	F
T	574	G
T	574	H
T	574	I
T	574	K
T	574	L
T	574	M
T	574	N
T	574	P
T	574	Q
T	574	R
T	574	S
T	574	T
T	574	V
T	574	W
T	574	Y
P	575	A
P	575	C
P	575	D
P	575	E
P	575	F
P	575	G
P	575	H
P	575	I
P	575	K
P	575	L
P	575	M
P	575	N
P	575	P
P	575	Q
P	575	R
P	575	S
P	575	T
P	575	V
P	575	W
P	575	Y
Q	576	A
Q	576	C
Q	576	D
Q	576	E
Q	576	F
Q	576	G
Q	576	H
Q	576	I
Q	576	K
Q	576	L
Q	576	M
Q	576	N
Q	576	P
Q	576	Q
Q	576	R
Q	576	S
Q	576	T
Q	576	V
Q	576	W
Q	576	Y
K	577	A
K	577	C
K	577	D
K	577	E
K	577	F
K	577	G
K	577	H
K	577	I
K	577	K
K	577	L
K	577	M
K	577	N
K	577	P
K	577	Q
K	577	R
K	577	S
K	577	T
K	577	V
K	577	W
K	577	Y
L	578	A
L	578	C
L	578	D
L	578	E
L	578	F
L	578	G
L	578	H
L	578	I
L	578	K
L	578	L
L	578	M
L	578	N
L	578	P
L	578	Q
L	578	R
L	578	S
L	578	T
L	578	V
L	578	W
L	578	Y
L	579	A
L	579	C
L	579	D
L	579	E
L	579	F
L	579	G
L	579	H
L	579	I
L	579	K
L	579	L
L	579	M
L	579	N
L	579	P
L	579	Q
L	579	R
L	579	S
L	579	T
L	579	V
L	579	W
L	579	Y
D	580	A
D	580	C
D	580	D
D	580	E
D	580	F
D	580	G
D	580	H
D	580	I
D	580	K
D	580	L
D	580	M
D	580	N
D	580	P
D	580	Q
D	580	R
D	580	S
D	580	T
D	580	V
D	580	W
D	580	Y
T	581	A
T	581	C
T	581	D
T	581	E
T	581	F
T	581	G
T	581	H
T	581	I
T	581	K
T	581	L
T	581	M
T	581	N
T	581	P
T	581	Q
T	581	R
T	581	S
T	581	T
T	581	V
T	581	W
T	581	Y
L	582	A
L	582	C
L	582	D
L	582	E
L	582	F
L	582	G
L	582	H
L	582	I
L	582	K
L	582	L
L	582	M
L	582	N
L	582	P
L	582	Q
L	582	R
L	582	S
L	582	T
L	582	V
L	582	W
L	582	Y
K	583	A
K	583	C
K	583	D
K	583	E
K	583	F
K	583	G
K	583	H
K	583	I
K	583	K
K	583	L
K	583	M
K	583	N
K	583	P
K	583	Q
K	583	R
K	583	S
K	583	T
K	583	V
K	583	W
K	583	Y
K	584	A
K	584	C
K	584	D
K	584	E
K	584	F
K	584	G
K	584	H
K	584	I
K	584	K
K	584	L
K	584	M
K	584	N
K	584	P
K	584	Q
K	584	R
K	584	S
K	584	T
K	584	V
K	584	W
K	584	Y
L	585	A
L	585	C
L	585	D
L	585	E
L	585	F
L	585	G
L	585	H
L	585	I
L	585	K
L	585	L
L	585	M
L	585	N
L	585	P
L	585	Q
L	585	R
L	585	S
L	585	T
L	585	V
L	585	W
L	585	Y
N	586	A
N	586	C
N	586	D
N	586	E
N	586	F
N	586	G
N	586	H
N	586	I
N	586	K
N	586	L
N	586	M
N	586	N
N	586	P
N	586	Q
N	586	R
N	586	S
N	586	T
N	586	V
N	586	W
N	586	Y
K	587	A
K	587	C
K	587	D
K	587	E
K	587	F
K	587	G
K	587	H
K	587	I
K	587	K
K	587	L
K	587	M
K	587	N
K	587	P
K	587	Q
K	587	R
K	587	S
K	587	T
K	587	V
K	587	W
K	587	Y
T	588	A
T	588	C
T	588	D
T	588	E
T	588	F
T	588	G
T	588	H
T	588	I
T	588	K
T	588	L
T	588	M
T	588	N
T	588	P
T	588	Q
T	588	R
T	588	S
T	588	T
T	588	V
T	588	W
T	588	Y
D	589	A
D	589	C
D	589	D
D	589	E
D	589	F
D	589	G
D	589	H
D	589	I
D	589	K
D	589	L
D	589	M
D	589	N
D	589	P
D	589	Q
D	589	R
D	589	S
D	589	T
D	589	V
D	589	W
D	589	Y
E	590	A
E	590	C
E	590	D
E	590	E
E	590	F
E	590	G
E	590	H
E	590	I
E	590	K
E	590	L
E	590	M
E	590	N
E	590	P
E	590	Q
E	590	R
E	590	S
E	590	T
E	590	V
E	590	W
E	590	Y
E	591	A
E	591	C
E	591	D
E	591	E
E	591	F
E	591	G
E	591	H
E	591	I
E	591	K
E	591	L
E	591	M
E	591	N
E	591	P
E	591	Q
E	591	R
E	591	S
E	591	T
E	591	V
E	591	W
E	591	Y
I	592	A
I	592	C
I	592	D
I	592	E
I	592	F
I	592	G
I	592	H
I	592	I
I	592	K
I	592	L
I	592	M
I	592	N
I	592	P
I	592	Q
I	592	R
I	592	S
I	592	T
I	592	V
I	592	W
I	592	Y
S	593	A
S	593	C
S	593	D
S	593	E
S	593	F
S	593	G
S	593	H
S	593	I
S	593	K
S	593	L
S	593	M
S	593	N
S	593	P
S	593	Q
S	593	R
S	593	S
S	593	T
S	593	V
S	593	W
S	593	Y
S	594	A
S	594	C
S	594	D
S	594	E
S	594	F
S	594	G
S	594	H
S	594	I
S	594	K
S	594	L
S	594	M
S	594	N
S	594	P
S	594	Q
S	594	R
S	594	S
S	594	T
S	594	V
S	594	W
S	594	Y
