#Mutation	Truth	PROVEAN	PROVEAN	MutPred	MutPred	MutationAssessor	MutationAssessor	FATHMM	FATHMM	SNAP	SNAP	PolyPhen2	PolyPhen2	SIFT	SIFT	Panther	Panther
L6P	Disease	4.797	1	0.887	1	3.075	1	1.86	1	None	None	None	None				
E12D	Population	1.478	0	0.492	0	1.205	1	1.42	0	None	None	None	None				
K25Q	Population	0.555	0	0.682	1	2.205	1	1.33	0	None	None	None	None				
L41P	Disease	4.408	1	0.959	1	2.38	1	2.08	1	None	None	None	None				
S42F	Disease	5.054	1	0.892	1	3.06	1	1.83	1	None	None	None	None				
E53Q	Population	1.907	0	0.731	1	1.935	1	1.05	0	None	None	None	None				
E59K	Disease	3.486	1	0.874	1	3.22	1	1.22	0	None	None	None	None				
A73P	Disease	4.043	1	0.868	1	3.1	1	1.57	1	None	None	None	None				
Y75C	Disease	7.899	1	0.867	1	3.16	1	1.99	1	None	None	None	None				
L76P	Disease	5.456	1	0.939	1	2.685	1	1.84	1	None	None	None	None				
I77N	Disease	5.809	1	0.843	1	2.81	1	1.74	1	60	1	0.8	1	0.01	1	1237	1
T78S	Population	1.621	0	0.315	0	0.93	1	0.97	0	None	None	None	None				
P79L	Disease	8.783	1	0.843	1	3.235	1	2.45	1	None	None	None	None				
S80P	Disease	2.201	0	0.738	1	1.965	1	1.12	0	None	None	None	None				
V84I	Population	0.41	0	0.232	0	1.13	1	1.01	0	-88	0	0.39	0	0.53	0	750	1
V84D	Disease	5.851	1	0.868	1	3.02	1	1.4	0	None	None	None	None				
D90H	Disease	6.211	1	0.821	1	3.25	1	1.35	0	None	None	None	None				
P94L	Population	2.897	1	0.408	0	2.08	1	1.43	0	-60	0	0.33	0	0.27	0	456	1
Y99C	Disease	7.829	1	0.926	1	3.25	1	1.51	1	None	None	None	None				
R100W	Population	5.005	1	0.635	1	2.38	1	1.49	0	None	None	None	None				
R100Q	Population	1.556	0	0.466	0	2.03	1	1.46	0	None	None	None	None				
A101P	Disease	3.047	1	0.823	1	2.3	1	1.11	0	None	None	None	None				
H103P	Disease	8.353	1	0.966	1	2.98	1	1.32	0	None	None	None	None				
V104I	Population	0.253	0	0.775	1	0.905	1	0.72	0	None	None	None	None				
A113T	Population	0.161	0	0.278	0	-0.11	0	1.03	0	None	None	None	None				
R122Q	Population	0.379	0	0.555	1	0.55	0	1.38	0	None	None	None	None				
P139L	Disease	9.239	1	0.915	1	2.69	1	1.26	0	None	None	None	None				
P139Q	Disease	7.391	1	0.887	1	3.04	1	1.35	0	None	None	None	None				
F153S	Population	6.299	1	0.872	1	2.82	1	1.2	0	75	1	0.986	1	0.08	0	1237	1
I168V	Population	-0.122	0	0.137	0	-0.755	0	0.92	0	None	None	None	None				
L169M	Population	-0.216	0	0.293	0	0.545	0	1.4	0	None	None	None	None				
R171H	Population	3.545	1	0.606	1	2.01	1	1.33	0	None	None	None	None				
A173E	Disease	4.608	1	0.901	1	3.08	1	1.49	0	None	None	None	None				
T178I	Disease	5.449	1	0.88	1	2.975	1	1.13	0	None	None	None	None				
C180M	Disease	9.1	1	0.939	1	None	1.12	0	None	None	None	None					
C180Y	Disease	10.01	1	0.924	1	3.1	1	1.14	0	75	1	1	1	0	1	1628	1
L183R	Disease	5.465	1	0.96	1	3.225	1	1.46	0	None	None	None	None				
R190W	Disease	7.289	1	0.933	1	2.59	1	1.53	1	None	None	None	None				
D207N	Population	0.086	0	0.553	1	0.685	0	1.06	0	None	None	None	None				
D207G	Disease	1.263	0	0.713	1	1.725	1	1.13	0	None	None	None	None				
D210N	Population	2.11	0	0.473	0	1.69	1	1.34	0	None	None	None	None				
P223S	Population	4.882	1	0.633	1	1.34	1	1.37	0	None	None	None	None				
R235G	Disease	6.626	1	0.954	1	3.235	1	5.61	1	None	None	None	None				
R235Q	Disease	3.788	1	0.905	1	2.89	1	5.61	1	None	None	None	None				
H245D	Disease	8.514	1	0.94	1	3.245	1	1.38	0	None	None	None	None				
H245R	Disease	7.57	1	0.902	1	3.245	1	1.39	0	None	None	None	None				
M252T	Disease	5.443	1	0.968	1	2.875	1	1.84	1	None	None	None	None				
L256P	Disease	6.617	1	0.967	1	3.24	1	1.53	1	None	None	None	None				
D262V	Disease	8.434	1	0.934	1	2.87	1	1.12	0	73	1	1	1	0	1	1628	1
L281P	Disease	6.514	1	0.95	1	3.11	1	2.27	1	None	None	None	None				
E283K	Disease	3.639	1	0.878	1	3.01	1	1.16	0	None	None	None	None				
D285Y	Disease	8.125	1	0.951	1	3.24	1	3.38	1	None	None	None	None				
L287P	Disease	6.131	1	0.94	1	2.92	1	1.25	0	None	None	None	None				
I289V	Population	-0.667	0	0.1	0	-1.705	0	0.88	0	None	None	None	None				
R292C	Disease	7.578	1	0.903	1	2.895	1	1.43	0	None	None	None	None				
R292H	Disease	4.736	1	0.809	1	2.895	1	1.45	0	None	None	None	None				
R292L	Disease	6.631	1	0.894	1	3.24	1	1.32	0	None	None	None	None				
R305Q	Population	-0.206	0	0.34	0	0.205	0	1.05	0	None	None	None	None				
R305W	Population	3.743	1	0.515	1	1.445	1	1.13	0	None	None	None	None				
P335L	Disease	9.548	1	0.809	1	2.645	1	1.99	1	None	None	None	None				
P335S	Disease	7.639	1	0.754	1	2.85	1	1.89	1	None	None	None	None				
L341P	Disease	6.461	1	0.777	1	2.75	1	1.03	0	None	None	None	None				
C354R	Disease	11.458	1	0.912	1	3.03	1	1.52	1	None	None	None	None				
C354Y	Disease	10.503	1	0.88	1	3.03	1	1.51	1	None	None	None	None				
T361I	Disease	2.451	0	0.647	1	1.895	1	1.04	0	-43	0	0.22	0	0.25	0	456	1
V362I	Population	0.536	0	0.439	0	1.635	1	1	0	None	None	None	None				
E381Q	Population	2.237	0	0.577	1	1.895	1	0.92	0	None	None	None	None				
R406C	Disease	7.861	1	0.928	1	3.25	1	2.85	1	None	None	None	None				
R406H	Disease	4.913	1	0.877	1	3.25	1	2.84	1	None	None	None	None				
T419M	Population	3.246	1	0.576	1	1.83	1	1.07	0	None	None	None	None				
L426P	Disease	6.878	1	0.95	1	3.18	1	1.81	1	None	None	None	None				
A430T	Population	3.53	1	0.616	1	3.195	1	1.44	0	-60	0	1	1	0.05	0	1237	1
P434L	Population	3.044	1	0.583	1	1.155	1	0.97	0	None	None	None	None				
M443R	Disease	3.866	1	0.915	1	2.455	1	1.08	0	41	1	0.88	1	0.03	1	456	1
A444V	Population	2.06	0	0.679	1	0.88	1	1.02	0	None	None	None	None				
H445P	Disease	4.45	1	0.905	1	2.325	1	1.06	0	19	1	0.02	0	0.18	0	1036	1
L446F	Disease	3.826	1	0.49	0	2.415	1	1.38	0	43	1	0.99	1	0	1	1237	1
I450V	Population	0.306	0	0.34	0	0.96	1	0.92	0	None	None	None	None				
V451I	Population	0.04	0	0.107	0	-0.19	0	1.02	0	None	None	None	None				
T455M	Population	1.679	0	0.433	0	1.67	1	1.4	0	None	None	None	None				
R457C	Population	3.375	1	0.547	1	2.24	1	1.2	0	62	1	0.999	1	0.02	1	456	1
R458H	Population	2.327	0	0.416	0	1.495	1	1.44	0	None	None	None	None				
R459W	Population	2.317	0	0.435	0	0.805	1	1.39	0	None	None	None	None				
P462L	Population	3.66	1	0.407	0	0.805	1	0.99	0	None	None	None	None				
P480L	Disease	9.819	1	0.893	1	2.425	1	2.42	1	None	None	None	None				
P480S	Disease	7.855	1	0.86	1	3.23	1	2.48	1	None	None	None	None				
R505H	Population	2.667	1	0.313	0	1.445	1	1.09	0	None	None	None	None				
R505C	Population	3.075	1	0.471	0	2.07	1	1.12	0	None	None	None	None				
V515I	Population	0.73	0	0.232	0	0.925	1	1.04	0	None	None	None	None				
A517V	Population	2.979	1	0.7	1	1.67	1	1.36	0	None	None	None	None				
G529S	Population	-1.445	0	0.383	0	0.065	0	1.35	0	None	None	None	None				
E530K	Population	2.059	0	0.771	1	2.14	1	1.32	0	None	None	None	None				
S533T	Population	1.042	0	0.227	0	0.215	0	0.99	0	None	None	None	None				
R536H	Population	4.809	1	0.861	1	3.18	1	1.25	0	12	1	1	1	0.02	1	1237	1
G544C	Disease	8.757	1	0.953	1	3.24	1	4.96	1	None	None	None	None				
G544V	Disease	8.757	1	0.953	1	3.24	1	4.96	1	None	None	None	None				
G544D	Disease	6.809	1	0.948	1	3.24	1	4.95	1	94	1	1	1	0	1	1629	1
N548I	Disease	3.159	1	0.755	1	0.345	0	1.01	0	None	None	None	None				
R551P	Disease	6.811	1	0.967	1	3.235	1	1.36	0	None	None	None	None				
R551C	Disease	7.784	1	0.936	1	3.235	1	1.36	0	None	None	None	None				
R551H	Disease	4.865	1	0.875	1	3.235	1	1.35	0	None	None	None	None				
C552R	Disease	7.475	1	0.923	1	2.54	1	0.99	0	None	None	None	None				
Y554C	Disease	8.757	1	0.906	1	3.105	1	1.18	0	None	None	None	None				
Q558K	Population	0.453	0	0.743	1	0.205	0	0.83	0	None	None	None	None				
S569F	Disease	5.101	1	None	2.92	1	1.89	1	None	None	None	None					
T570A	Disease	2.55	1	0.851	1	2.9	1	2.27	1	None	None	None	None				
T574P	Disease	4.697	1	0.923	1	2.85	1	1.19	0	84	1	0.96	1	0.08	0	1628	1
P575S	Disease	6.985	1	0.882	1	3.155	1	1.48	0	6	1	1	1	0	1	1629	1
R583S	Population	1.002	0	0.439	0	None	None	None	None	None	None						
D586N	Population	0.139	0	0.578	1	None	None	None	None	None	None						
M602V	Population	-0.144	0	0.098	0	None	None	None	None	None	None						
T588I	Population	None	None	0.895	1	1.38	0	None	None	None	None						
I592T	Population	None	None	0.625	0	0.93	0	None	None	None	None						
